country_iso3,country,country_name,document_count,balance_raw,balance_raw_observed,balance_raw_total,balance_raw_coverage,balance_raw_threshold_met,balance_raw_all_zero_conf,dimensions_scored,dimensions_total,dimensions_verified,dimensions_failed,unverified_dimensions,failed_dimensions,missing_dimensions,law_and_institutions_de_jure,law_and_institutions_de_facto,law_and_institutions_gap,law_and_institutions_confidence,law_and_institutions_page,law_and_institutions_status,law_and_institutions_quote,law_and_institutions_source_pdf,law_and_institutions_n_docs,standards_de_jure,standards_de_facto,standards_gap,standards_confidence,standards_page,standards_status,standards_quote,standards_source_pdf,standards_n_docs,audit_and_enforcement_de_jure,audit_and_enforcement_de_facto,audit_and_enforcement_gap,audit_and_enforcement_confidence,audit_and_enforcement_page,audit_and_enforcement_status,audit_and_enforcement_quote,audit_and_enforcement_source_pdf,audit_and_enforcement_n_docs,worker_protection_de_jure,worker_protection_de_facto,worker_protection_gap,worker_protection_confidence,worker_protection_page,worker_protection_status,worker_protection_quote,worker_protection_source_pdf,worker_protection_n_docs,transparency_de_jure,transparency_de_facto,transparency_gap,transparency_confidence,transparency_page,transparency_status,transparency_quote,transparency_source_pdf,transparency_n_docs
ARE,ARE_Federal_Decree_Law_45_Data_Protection_2021,ARE_Federal_Decree_Law_45_Data_Protection_2021,2,0.1644,5,5,5/5,True,False,5,5,5,0,,,,1.0,1.0,0.0,0.81,1,scored,launch leadership strategy and issue a government law on the safe use of AI.,ARE_National_Strategy_for_AI_2031_2017,2,0.0,0.0,0.0,0.92,1,scored,launch leadership strategy and issue a government law on the safe use of AI.,ARE_National_Strategy_for_AI_2031_2017,2,0.0,0.0,0.0,0.92,1,scored,launch leadership strategy and issue a government law on the safe use of AI.,ARE_National_Strategy_for_AI_2031_2017,2,1.0,1.0,0.0,0.4,21,scored,"The Controller shall engage human resources in reviewing Automated Processing decisions, at the request of the Data Subject.",ARE_Federal_Decree_Law_45_Data_Protection_2021,2,1.0,1.0,0.0,0.58,21,scored,The Controller shall provide appropriate and clear ways and mechanisms to enable the Data Subject to communicate therewith and request the exercise of any of his/her rights stipulated herein.,ARE_Federal_Decree_Law_45_Data_Protection_2021,2
ARG,ARG_Ley_25326_Personal_Data_Protection_2000,ARG_Ley_25326_Personal_Data_Protection_2000,2,0.266,5,5,5/5,True,False,5,5,5,0,,,,1.0,1.0,0.0,0.92,26,scored,"Establecer buenas prácticas y mecanismos para el desarrollo e implementación de IA en línea con los derechos humanos, confiable y ética.",ARG_Plan_Nacional_de_IA_2019,2,1.0,0.0,1.0,0.85,135,scored,"Organismos como OCDE, en el plano multilateral, han avanzado también en ese sentido y ejecutado iniciativas tendientes a sentar las bases para que los países promuevan el desarrollo de IA de acuerdo a determinados valores, reglas y estándares.",ARG_Plan_Nacional_de_IA_2019,2,1.0,0.0,1.0,0.85,104,scored,"Establecer y mejorar los mecanismos de control periódicos de la correcta ejecución de los proyectos, evaluación del grado de satisfacción de los usuarios y sugerencias y comentarios por parte de los administradores de los centros.",ARG_Plan_Nacional_de_IA_2019,2,1.0,1.0,0.0,0.82,39,scored,Diseñar una estrategia que nos prepare para esta transición es indispensable.,ARG_Plan_Nacional_de_IA_2019,2,1.0,1.0,0.0,0.77,21,scored,"Optimizar la provisión de servicios públicos mediante la utilización de sistemas de IA trazables, con lógica fundamentada y transparente que no afecten derechos de los ciudadanos.",ARG_Plan_Nacional_de_IA_2019,2
AUS,AUS_AI_Ethics_Framework_2019,AUS_AI_Ethics_Framework_2019,2,0.3308,5,5,5/5,True,False,5,5,5,0,,,,2.0,1.0,1.0,0.83,19,scored,"This Act binds the Crown in right of the Commonwealth, of each of the States, of the Australian Capital Territory and of the Northern Territory.",AUS_Privacy_Act_1988,2,1.0,1.0,0.0,0.82,38,scored,Establishing industry standards supported by up-to-date guidelines could provide a baseline level of assessment for all AI used in Australia to support the use of fair algorithms.,AUS_AI_Ethics_Framework_2019,2,1.0,0.0,1.0,0.89,21,scored,"The report emphasises that designing procedures, tools, and methods that allow for the auditing of AI systems will be key in ensuring that the systems conform to legal and ethical frameworks.",AUS_AI_Ethics_Framework_2019,2,1.0,1.0,0.0,0.61,15,scored,"The world of transportation faces a possible wave of disruption as automated vehicles move on to the roads, displacing jobs and creating new ones.",AUS_AI_Ethics_Framework_2019,2,1.0,1.0,0.0,0.85,6,scored,People must be informed when an algorithm is being used that impacts them and they should be provided with information about what information the algorithm uses to make decisions.,AUS_AI_Ethics_Framework_2019,2
AUT,AUT_AIM_AT_2030_AI_Mission_Austria_2021,AUT_AIM_AT_2030_AI_Mission_Austria_2021,2,0.6184,5,5,5/5,True,False,5,5,5,0,,,,2.0,1.0,1.0,0.69,14,scored,"Rechtliche Unsicherheit kann die Verbreitung von KI verzögern, etwa wenn Unklarheiten beim Eigentum an Daten, beim Datenschutz im Zusammenhang mit KI-Anwendungen in der Cloud oder im Zusammenhang mit dem autonomen Fahren entstehen.",AUT_AIM_AT_2030_AI_Mission_Austria_2021,2,2.0,1.0,1.0,0.67,14,scored,"KI muss durch klare Regeln für Unternehmen, Staat und Bürger möglichst sicher, transparent und zuverlässig sein.",AUT_AIM_AT_2030_AI_Mission_Austria_2021,2,3.0,3.0,0.0,0.85,13,scored,Die Datenschutzbehörde kann vom Verantwortlichen oder Auftragsverarbeiter der überprüften Datenverarbeitung insbesondere alle notwendigen Aufklärungen verlangen und Einschau in Datenverarbeitungen und diesbezügliche Unterlagen begehren.,AUT_Datenschutzgesetz_DSG_2018,2,2.0,1.0,1.0,0.61,14,scored,KI wird große Auswirkungen auf Arbeitsmarkt und Gesellschaft haben. Verschiedene Berufe werden sich radikal verändern oder sogar überflüssig werden.,AUT_AIM_AT_2030_AI_Mission_Austria_2021,2,2.0,1.0,1.0,0.77,14,scored,"KI muss durch klare Regeln für Unternehmen, Staat und Bürger möglichst sicher, transparent und zuverlässig sein.",AUT_AIM_AT_2030_AI_Mission_Austria_2021,2
BEL,BEL_AI_4_Belgium_Strategy_2019,BEL_AI_4_Belgium_Strategy_2019,2,0.5198,5,5,5/5,True,False,5,5,5,0,,,,2.0,1.0,1.0,0.64,6,scored,"Ce plan a été approuvé lors du Conseil des ministres du 28 octobre 2022, et propose des actions concrètes pour faire de la Belgique une #SmartAINation.",BEL_AI_4_Belgium_Strategy_2019,2,2.0,1.0,1.0,0.62,36,scored,Le responsable du traitement ainsi que le sous-traitant prennent les mesures techniques et organisationnelles appropriées requises pour protéger les données à caractère personnel contre la destruction accidentelle ou non autorisée,BEL_Loi_du_30_Juillet_2018_Protection_des_Donnees_2018,2,2.0,2.0,0.0,0.8,69,scored,"L'Organe de contrôle, ses membres et les membres du service d'enquête ont un accès illimité à toutes informations et données traitées par les services visés par l'article 26, 7°, a), d), et f)",BEL_Loi_du_30_Juillet_2018_Protection_des_Donnees_2018,2,1.0,1.0,0.0,0.43,135,scored,"Pour les travailleurs âgés de 55 ans et plus, confrontés à un problème médical ou autre ne leur permettant plus de poursuivre leur activité et qui de ce fait sont licenciés par leur employeur",BEL_Loi_du_30_Juillet_2018_Protection_des_Donnees_2018,2,2.0,1.0,1.0,0.62,31,scored,De verwerkingsverantwoordelijke maakt de contactgegevens van de functionaris voor gegevensbescherming openbaar en deelt die mee aan de bevoegde toezichthoudende autoriteit.,BEL_Loi_du_30_Juillet_2018_Protection_des_Donnees_2018,2
BGD,BGD_National_Strategy_for_AI_2020,BGD_National_Strategy_for_AI_2020,2,0.0968,5,5,5/5,True,False,5,5,5,0,,,,1.0,1.0,0.0,0.83,39,scored,"The national AI strategy will emphasize scientific excellence using the code of ethics, regulations and data privacy.",BGD_National_Strategy_for_AI_2020,2,0.0,0.0,0.0,0.85,3,scored,To comprehend the forthcoming difficulties of artificial intelligence it is essential to have an ideal procedure for applying AI in different sectors.,BGD_National_Strategy_for_AI_2020,2,0.0,0.0,0.0,0.94,4,scored,"If we can ensure good governance in AI strategy implementation from the very beginning, we can make Bangladesh truly innovative land through AI.",BGD_National_Strategy_for_AI_2020,2,0.0,0.0,0.0,0.85,18,scored,"Every data controller and processor shall take appropriate technical and organizational measures in relation to the processing of personal data in such a way as to ensure the security, integrity and confidentiality of personal data",BGD_Personal_Data_Protection_Ordinance_2025,2,1.0,0.0,1.0,0.85,39,scored,"The AI strategy will create a new set of AI ethics guidelines to address issues such as fairness, safety, cyber security, and transparency.",BGD_National_Strategy_for_AI_2020,2
BRA,BRA_EBIA_Estrategia_Brasileira_de_IA_2021,BRA_EBIA_Estrategia_Brasileira_de_IA_2021,2,0.3294,5,5,5/5,True,False,5,5,5,0,,,,2.0,1.0,1.0,0.72,7,scored,"The supervisory authority may provide on standards and techniques used in anonymization processes and make verifications about the security thereof, after consultation with the Brazilian Personal Data Protection Board.",BRA_LGPD_Lei_13709_General_Data_Protection_Law_2018,2,1.0,0.0,1.0,0.73,8,scored,"Diferentes organismos internacionais têm buscado criar ambientes em que seja possível pactuar globalmente princípios éticos, padrões técnicos e promover o compartilhamento de conhecimento, melhores práticas e métricas",BRA_EBIA_Estrategia_Brasileira_de_IA_2021,2,2.0,1.0,1.0,0.75,13,scored,"The acts performed by any certification organization may be reviewed by the supervisory authority and, in case they are not in compliance with this Law, they shall be revised or annulled.",BRA_LGPD_Lei_13709_General_Data_Protection_Law_2018,2,1.0,1.0,0.0,0.77,10,scored,"é importante que políticas públicas no campo de IA enderecem os desafios relacionados à força de trabalho, seja no que se refere à formação de profissionais para atuar na área",BRA_EBIA_Estrategia_Brasileira_de_IA_2021,2,1.0,0.0,1.0,0.83,5,scored,Organizações e indivíduos que desempenham um papel ativo no ciclo de vida de IA devem se comprometer com a transparência e com a divulgação responsável em relação a sistemas de IA,BRA_EBIA_Estrategia_Brasileira_de_IA_2021,2
CAN,CAN_PIPEDA_Personal_Information_Protection_Act_2000,CAN_PIPEDA_Personal_Information_Protection_Act_2000,2,0.1667,5,5,5/5,True,False,5,5,3,0,"audit_and_enforcement,transparency",,,1.0,1.0,0.0,0.95,1,scored,"To develop global thought leadership on the economic, ethical, policy and legal implications of advances in artiﬁcial intelligence.",CAN_Pan_Canadian_AI_Strategy_2017,2,0.0,0.0,0.0,0.95,1,scored,"To develop global thought leadership on the economic, ethical, policy and legal implications of advances in artiﬁcial intelligence.",CAN_Pan_Canadian_AI_Strategy_2017,2,2.0,2.0,0.0,0.0,0,scored,"An organization shall investigate all complaints. If a complaint is found to be justified, the organization shall take appropriate measures, including, if necessary, amending its policies and practices.",CAN_PIPEDA_Personal_Information_Protection_Act_2000,2,1.0,0.0,1.0,0.83,2,scored,"Advances in AI will have profound implications for the economy, government and society.",CAN_Pan_Canadian_AI_Strategy_2017,2,1.0,1.0,0.0,0.0,0,scored,"The Strategy funds policy-relevant working groups to examine these implications, publish their ﬁndings and inform the public and policy-makers.",CAN_Pan_Canadian_AI_Strategy_2017,2
CHE,CHE_AI_Action_Plan_2025,CHE_AI_Action_Plan_2025,2,0.2696,5,5,5/5,True,False,5,5,5,0,,,,1.0,0.0,1.0,0.6,3,scored,"Switzerland must ﬁnd its AI position to make a difference in the global AI ecosystem - one based on Swiss values such as openness, collaboration and trust.",CHE_AI_Action_Plan_2025,2,1.0,0.0,1.0,0.38,3,scored,"Switzerland must ﬁnd its AI position to make a difference in the global AI ecosystem - one based on Swiss values such as openness, collaboration and trust.",CHE_AI_Action_Plan_2025,2,0.0,0.0,0.0,0.8,3,scored,"Switzerland must ﬁnd its AI position to make a difference in the global AI ecosystem - one based on Swiss values such as openness, collaboration and trust.",CHE_AI_Action_Plan_2025,2,1.0,1.0,0.0,0.48,3,scored,"As opposed to many other countries, Switzerland is lacking a strategy for what to achieve and how to use AI.",CHE_AI_Action_Plan_2025,2,2.0,2.0,0.0,0.72,25,scored,The FDPIC shall keep a register of the processing activities of federal bodies. The register shall be published.,CHE_FADP_Federal_Data_Protection_Act_2020,2
CHL,CHL_Ley_21719_Personal_Data_Protection_2024,CHL_Ley_21719_Personal_Data_Protection_2024,2,0.4449,5,5,5/5,True,False,5,5,5,0,,,,2.0,1.0,1.0,0.77,19,scored,"Créase la Agencia de Protección de Datos Personales, corporación autónoma de derecho público, de carácter técnico, descentralizado, con personalidad jurídica y patrimonio propio, que se relacionará con el Presidente de la República a través del Ministerio de Economía, Fomento y Turismo.",CHL_Ley_21719_Personal_Data_Protection_2024,2,1.0,1.0,0.0,0.72,3,scored,El responsable deberá ser capaz de acreditar la licitud del tratamiento de datos personales que realiza.,CHL_Ley_21719_Personal_Data_Protection_2024,2,2.0,1.0,1.0,0.83,19,scored,"Fiscalizar el cumplimiento de las disposiciones de esta ley, sus reglamentos y las instrucciones y normas generales que se dicten respecto de los tratamientos de datos personales.",CHL_Ley_21719_Personal_Data_Protection_2024,2,1.0,1.0,0.0,0.4,30,scored,"La regulación interna a que dé lugar la implementación del programa, en su caso, deberá ser incorporada expresamente como una obligación en los contratos de trabajo o de prestación de servicios de todos los trabajadores",CHL_Ley_21719_Personal_Data_Protection_2024,2,2.0,1.0,1.0,0.67,9,scored,"El responsable de datos debe facilitar y mantener permanentemente a disposición del público, en su sitio web o en cualquier otro medio de información equivalente, al menos, la siguiente información",CHL_Ley_21719_Personal_Data_Protection_2024,2
COL,COL_CONPES_4144_National_AI_Policy_2023,COL_CONPES_4144_National_AI_Policy_2023,2,0.1387,5,5,5/5,True,False,5,5,5,0,,,,1.0,1.0,0.0,0.92,44,scored,"Colombia carece de un marco formal e institucional de gobernanza para el desarrollo, adopción y aprovechamiento de sistemas de IA.",COL_CONPES_4144_National_AI_Policy_2023,2,0.0,0.0,0.0,0.9,1,scored,"La presente ley tiene por objeto desarrollar el derecho constitucional que tienen todas las personas a conocer, actualizar y rectificar las informaciones que se hayan recogido sobre ellas en bases de datos o archivos",COL_Ley_1581_Personal_Data_Protection_2012,2,1.0,0.0,1.0,0.85,19,scored,"actualmente no se cuenta con herramientas que permitan incentivar, verificar y medir la aplicación de los mecanismos de implementación de los principios éticos en el ciclo de vida de la IA.",COL_CONPES_4144_National_AI_Policy_2023,2,0.0,0.0,0.0,0.72,1,scored,"La presente ley tiene por objeto desarrollar el derecho constitucional que tienen todas las personas a conocer, actualizar y rectificar las informaciones que se hayan recogido sobre ellas en bases de datos o archivos",COL_Ley_1581_Personal_Data_Protection_2012,2,1.0,0.0,1.0,0.78,61,scored,Actualmente el país no cuenta con suficiente información para caracterizar la apropiación del conocimiento sobre IA en la población.,COL_CONPES_4144_National_AI_Policy_2023,2
CZE,CZE_Act_110_2019_on_Personal_Data_Processing_2019,CZE_Act_110_2019_on_Personal_Data_Processing_2019,2,0.4652,5,5,5/5,True,False,5,5,5,0,,,,2.0,1.0,1.0,0.67,3,scored,"We are going to ensure the safety of driverless cars, robots and autonomous weapons, simply wherever man and intelligent machine meet.",CZE_NAIS_National_AI_Strategy_2019,2,2.0,1.0,1.0,0.58,4,scored,Bodies authorised to issue personal data protection certification shall be accredited by an entity authorised to exercise the competence of an accreditation body under the law governing accreditation of bodies assessing conformity3).,CZE_Act_110_2019_on_Personal_Data_Processing_2019,2,2.0,1.0,1.0,0.67,3,scored,"We are going to prevent discrimination, manipulation and misuse of AI, we are going to set the rules for decision-making of algorithms about people in everyday life.",CZE_NAIS_National_AI_Strategy_2019,2,1.0,1.0,0.0,0.67,31,scored,Promoting the development of job opportunities and worker mobility following the impacts of automation and AI.,CZE_NAIS_National_AI_Strategy_2019,2,2.0,1.0,1.0,0.62,3,scored,"We are going to prevent discrimination, manipulation and misuse of AI, we are going to set the rules for decision-making of algorithms about people in everyday life.",CZE_NAIS_National_AI_Strategy_2019,2
DEU,DEU_BDSG_Federal_Data_Protection_Act_2018,DEU_BDSG_Federal_Data_Protection_Act_2018,2,0.5657,5,5,5/5,True,False,5,5,5,0,,,,2.0,1.0,1.0,0.7,6,scored,"The Federal Government is therefore advocating and working towards a suitable regulatory framework, adapted to reflect AI-specific issues if and where appropriate",DEU_KI_Strategie_National_AI_Strategy_2020,2,2.0,1.0,1.0,0.67,31,scored,"Implementing the roadmap defined in the AI standardisation roadmap: developing test criteria on the basis of established and future test technologies to test the robustness, safety and security, reliability, integrity, transparency, explainability, interpretability and non-discrimination of (hybrid) AI systems",DEU_KI_Strategie_National_AI_Strategy_2020,2,2.0,1.0,1.0,0.58,21,scored,"In combination with metrology, accreditation, conformity assessment, market surveillance and environmental audits, rules, norms and standards form the quality infrastructure",DEU_KI_Strategie_National_AI_Strategy_2020,2,2.0,2.0,0.0,0.62,25,scored,Established safety requirements from the areas of machine safety and occupational health and safety regarding mental and physical hazards must not be weakened taking into account human-machine interaction.,DEU_KI_Strategie_National_AI_Strategy_2020,2,2.0,2.0,0.0,0.65,9,scored,"The Federal Commissioner shall produce an annual activity report which may contain a list of the types of violations reported and the types of measures taken, including penalties and measures taken in accordance with Article 58 (2) of Regulation (EU) 2016/679.",DEU_BDSG_Federal_Data_Protection_Act_2018,2
DNK,DNK_Databeskyttelsesloven_Data_Protection_Act_2018,DNK_Databeskyttelsesloven_Data_Protection_Act_2018,2,0.5638,5,5,5/5,True,False,5,5,5,0,,,,2.0,1.0,1.0,0.82,32,scored,"Therefore, the government will set up an inter-ministerial working group to examine whether the issues in using artificial intelligence can be managed within the existing legislative framework.",DNK_National_Strategy_for_AI_2019,2,2.0,1.0,1.0,0.62,33,scored,"In order to gain real influence on European standardisation work, the government has successfully acquired responsibility for the secretariat of the upcoming European focus group that is to identify the needs for standardisation within artificial intelligence.",DNK_National_Strategy_for_AI_2019,2,2.0,2.0,0.0,0.72,13,scored,"The Data Protection Agency may demand being given all information of importance for its activities, including for the decision of whether a particular matter falls within the provisions of the General Data Protection Regulation and this Act.",DNK_Databeskyttelsesloven_Data_Protection_Act_2018,2,2.0,2.0,0.0,0.65,7,scored,The processing of personal data in an employment context as covered by Article 6(1) and Article 9(1) of the General Data Protection Regulation may take place where the processing is necessary for the purpose of observing and respecting the employment law obligations and rights of the controller or of the data subject as laid down by other law or collective agreements.,DNK_Databeskyttelsesloven_Data_Protection_Act_2018,2,2.0,1.0,1.0,0.77,10,scored,"Artificial intelligence must be developed and used within the relevant legislation, and with respect for the rights of citizens.",DNK_National_Strategy_for_AI_2019,2
EGY,EGY_Law_151_Personal_Data_Protection_2020,EGY_Law_151_Personal_Data_Protection_2020,2,0.2319,5,5,5/5,True,False,5,5,5,0,,,,1.0,1.0,0.0,0.8,25,scored,"To maintain the safe and responsible growth of AI, it is imperative to establish a thorough regulatory structure, construct a thorough ethical framework, and create a distinct regulatory body.",EGY_National_AI_Strategy_2021,2,1.0,1.0,0.0,0.66,19,scored,Specialized agencies will be designated to set and oversee industrial data standards in alignment with best international practices.,EGY_National_AI_Strategy_2021,2,1.0,0.0,1.0,0.82,19,scored,"This may involve regular audits, inspections, and monitoring mechanisms to verify compliance and address any violations.",EGY_National_AI_Strategy_2021,2,1.0,0.0,1.0,0.6,6,scored,"The data subject shall have the following rights: To be informed of, access, or obtain their personal data held by any holder, controller, or processor.",EGY_Law_151_Personal_Data_Protection_2020,2,1.0,0.0,1.0,0.85,18,scored,"Comprehensive frameworks and standards to ensure responsible and ethical use of data in AI applications. This may include regulations on data collection, storage, sharing, privacy protection, and transparency.",EGY_National_AI_Strategy_2021,2
ETH,ETH_Personal_Data_Protection_Proclamation_1321_2024,ETH_Personal_Data_Protection_Proclamation_1321_2024,1,0.1944,5,5,5/5,True,False,5,5,3,0,"audit_and_enforcement,transparency",,,1.0,1.0,0.0,0.64,52,scored,The Authority shall make public a list of the processing operations which are subject to prior consultation in accordance with Sub-Article (2) lit. (b) Of this Article.,ETH_Personal_Data_Protection_Proclamation_1321_2024,1,1.0,0.0,1.0,0.75,52,scored,"The data controller or data processor shall provide the Authority with the data protection impact assessment and, whenever requested, any other information.",ETH_Personal_Data_Protection_Proclamation_1321_2024,1,2.0,1.0,1.0,0.0,0,scored,"Any person who against the rights of the data subject fails to erase personal data; fails to respect the right to object processing; restricts processing; or Does not respect the right against automated decisions shall be punished with imprisonment for a period starting from three years to five years or fined from 100,000 - 200,000 birr or both.",ETH_Personal_Data_Protection_Proclamation_1321_2024,1,0.0,0.0,0.0,0.35,11,scored,The Authority shall have the powers and functions to: 1/ Ensure the enforcement of this Proclamation;,ETH_Personal_Data_Protection_Proclamation_1321_2024,1,2.0,1.0,1.0,0.0,0,scored,Personal data's which existed before publication of this proclation and personal data's which need protection processed or will be processed only according to this proclamation.,ETH_Personal_Data_Protection_Proclamation_1321_2024,1
EU,EU_CELEX_32016R0679_EN_TXT,EU_CELEX_32016R0679_EN_TXT,1,0.7322,5,5,5/5,True,False,5,5,4,0,standards,,,2.0,2.0,0.0,0.77,70,scored,"to order the controller or processor to bring processing operations into compliance with the provisions of this Regulation, where appropriate, in a specified manner and within a specified period;",EU_CELEX_32016R0679_EN_TXT,1,3.0,2.0,1.0,0.31,0,scored,Effective protection of personal data throughout the Union requires the strengthening and setting out in detail of the rights of data subjects and the obligations of those who process and determine the processing of personal data.,EU_CELEX_32016R0679_EN_TXT,1,3.0,3.0,0.0,0.95,69,scored,"Each supervisory authority shall have all of the following investigative powers: (a) to order the controller and the processor, and, where applicable, the controller's or the processor's representative to provide any information it requires for the performance of its tasks;",EU_CELEX_32016R0679_EN_TXT,1,1.0,1.0,0.0,0.48,7,scored,"Any processing of personal data should be lawful and fair. It should be transparent to natural persons that personal data concerning them are collected, used, consulted or otherwise processed and to what extent the personal data are or will be processed.",EU_CELEX_32016R0679_EN_TXT,1,2.0,2.0,0.0,0.67,19,scored,"the establishment of certification mechanisms and data protection seals and marks should be encouraged, allowing data subjects to quickly assess the level of data protection of relevant products and services.",EU_CELEX_32016R0679_EN_TXT,1
FIN,FIN_Leading_the_Way_into_the_Age_of_AI_2019,FIN_Leading_the_Way_into_the_Age_of_AI_2019,2,0.6302,5,5,5/5,True,False,5,5,5,0,,,,2.0,1.0,1.0,0.71,3,scored,"The policy report on Ethical information policy in an age of artificial intelligence outlines principles for fair data governance, including guidelines for the use of information and ethical values.",FIN_Leading_the_Way_into_the_Age_of_AI_2019,2,1.0,1.0,0.0,0.57,3,scored,The development and deployment of AI raises uncertainty about the application of the current legislation on these issues and increases the need for a reform of the legislative and regulatory framework.,FIN_Leading_the_Way_into_the_Age_of_AI_2019,2,3.0,3.0,0.0,0.88,9,scored,"The Data Protection Ombudsman has the right to obtain, on request, executive assistance from the police for performing his or her tasks.",FIN_Tietosuojalaki_1050_Data_Protection_Act_2018,2,2.0,2.0,0.0,0.64,2,scored,"To promote lifelong learning, a skills account or voucher will be created for all working-age people, which they can use to update their skills and purchase the training they need.",FIN_Leading_the_Way_into_the_Age_of_AI_2019,2,2.0,1.0,1.0,0.67,4,scored,The Finnish government has established an AI ethics committee to gain understanding on ethical principles and to ensure that Finland's AI development is human-oriented and based on trust.,FIN_Leading_the_Way_into_the_Age_of_AI_2019,2
FRA,FRA_AI_for_Humanity_National_AI_Strategy_2018,FRA_AI_for_Humanity_National_AI_Strategy_2018,1,0.4802,5,5,5/5,True,False,5,5,5,0,,,,2.0,1.0,1.0,0.67,3,scored,Setting up a national platform for auditing algorithms. Evaluating the conformity to legal and ethical frameworks would increase transparency and reduce potential abuses to the use of AI;,FRA_AI_for_Humanity_National_AI_Strategy_2018,1,2.0,1.0,1.0,0.58,3,scored,Setting up a national platform for auditing algorithms. Evaluating the conformity to legal and ethical frameworks would increase transparency and reduce potential abuses to the use of AI;,FRA_AI_for_Humanity_National_AI_Strategy_2018,1,2.0,1.0,1.0,0.72,3,scored,Setting up a national platform for auditing algorithms. Evaluating the conformity to legal and ethical frameworks would increase transparency and reduce potential abuses to the use of AI;,FRA_AI_for_Humanity_National_AI_Strategy_2018,1,1.0,1.0,0.0,0.35,2,scored,The creation of a public laboratory on the transformation of work to encourage reflection on the ways in which automation is changing occupations and to provide support for professional transitions.,FRA_AI_for_Humanity_National_AI_Strategy_2018,1,2.0,1.0,1.0,0.62,3,scored,Setting up a national platform for auditing algorithms. Evaluating the conformity to legal and ethical frameworks would increase transparency and reduce potential abuses to the use of AI;,FRA_AI_for_Humanity_National_AI_Strategy_2018,1
GBR,GBR_Data_Protection_Act_2018,GBR_Data_Protection_Act_2018,2,0.498,5,5,5/5,True,False,5,5,5,0,,,,1.0,1.0,0.0,0.89,4,scored,This National AI Strategy will signal to the world our intention to build the most pro-innovation regulatory environment in the world;,GBR_National_AI_Strategy_2021,2,1.0,1.0,0.0,0.81,32,scored,"Pilot an AI Standards Hub to coordinate UK engagement in AI standardisation globally, and explore with stakeholders the development of an AI standards engagement toolkit to support the AI ecosystem to engage in the global AI standardisation landscape.",GBR_National_AI_Strategy_2021,2,3.0,2.0,1.0,0.9,38,scored,The controller and the processor must make the records kept under this section available to the Commissioner on request.,GBR_Data_Protection_Act_2018,2,2.0,2.0,0.0,0.68,50,scored,Each controller must implement effective mechanisms to encourage the reporting of an infringement of this Part.,GBR_Data_Protection_Act_2018,2,1.0,1.0,0.0,0.83,7,scored,"By leading with our democratic values, the UK will work with partners around the world to make sure international agreements embed our ethical values, making clear that progress in AI must be achieved responsibly",GBR_National_AI_Strategy_2021,2
GHA,GHA_Data_Protection_Act_843_2012,GHA_Data_Protection_Act_843_2012,2,0.1794,5,5,5/5,True,False,5,5,5,0,,,,2.0,1.0,1.0,0.72,22,scored,"Where the Commission is satisfied on a complaint by a person who has given notice in subsection (1), that the data controller has failed to comply with the notice, the Commission may order that data controller to comply with the notice.",GHA_Data_Protection_Act_843_2012,2,1.0,0.0,1.0,0.83,21,scored,"Importantly, cross-sector collaboration and standardisation in operational models across institutions will ensure uniformity.",GHA_National_AI_Strategy_2023,2,0.0,0.0,0.0,0.81,15,scored,"The lack of transparency and explainability in some AI systems (e.g. neural networks and deep learning) makes it difficult to detect bias, audit and trust AI systems, and hold them accountable.",GHA_National_AI_Strategy_2023,2,0.0,0.0,0.0,0.95,23,scored,"Where an individual suffers damage or distress through the contravention by a data controller of the requirements of this Act, that individual is entitled to compensation from the data controller for the damage or distress.",GHA_Data_Protection_Act_843_2012,2,1.0,1.0,0.0,0.62,11,scored,A data controller who collects data shall take the necessary steps to ensure that the data subject is aware of the purpose for the collection of the data.,GHA_Data_Protection_Act_843_2012,2
IDN,IDN_Stranas_KA_National_AI_Strategy_2020,IDN_Stranas_KA_National_AI_Strategy_2020,2,0.1745,5,5,5/5,True,False,5,5,5,0,,,,1.0,1.0,0.0,0.91,6,scored,Strategi Nasional Kecerdasan Artifisial Republik Indonesia tahun 2020-2045 merupakan arah kebijakan nasional yang memuat area fokus dan bidang prioritas teknologi kecerdasan artifisial,IDN_Stranas_KA_National_AI_Strategy_2020,2,1.0,1.0,0.0,0.72,29,scored,Menyiapkan Standar Nasional untuk mendukung produk-produk dan sistem yang dihasilkan oleh orkestra ekosistem inovasi KA Nasional.,IDN_Stranas_KA_National_AI_Strategy_2020,2,1.0,0.0,1.0,0.77,29,scored,Mendirikan Dewan Etika Data dan Kecerdasan Artifisial Nasional yang mengawasi pemanfaatan KA secara bertanggung jawab di masyarakat.,IDN_Stranas_KA_National_AI_Strategy_2020,2,0.0,0.0,0.0,0.7,28,scored,"An official or officer that protects Personal Data under section (1) must be appointed solely on the basis of their professionalism, legal knowledge, Personal Data Protection practice, and capability to complete their tasks.",IDN_UU_27_Personal_Data_Protection_2022,2,0.0,0.0,0.0,0.75,119,scored,"Ketersediaan data kesehatan secara nasional sangat penting untuk berbagai hal seperti pengambilan kebijakan, pengalokasian anggaran dan pembuatan program.",IDN_Stranas_KA_National_AI_Strategy_2020,2
IND,IND_Digital_Personal_Data_Protection_Act_2023,IND_Digital_Personal_Data_Protection_Act_2023,2,0.1863,5,5,5/5,True,False,5,5,5,0,,,,1.0,1.0,0.0,0.89,70,scored,A standing committee or task force comprising of all stakeholders may be constituted by the government with the objective of examining and reporting the changes in employment caused by Al in India.,IND_NITI_Aayog_National_Strategy_for_AI_2018,2,1.0,0.0,1.0,0.82,79,scored,"The government can establish a committee of experts, researchers, Al developers and regulators to create the standards the data marketplace will adhere by and explore how can it be put in implementation.",IND_NITI_Aayog_National_Strategy_for_AI_2018,2,1.0,0.0,1.0,0.85,80,scored,"Mechanisms must thus be put in place to identify poor annotators, and create mechanisms to reduce the effect of error generated.",IND_NITI_Aayog_National_Strategy_for_AI_2018,2,1.0,1.0,0.0,0.41,69,scored,"Financial incentives for private companies could include payroll taxes which are dedicated to subsidising training opportunities, income tax deductions for companies participating in reskilling initiatives",IND_NITI_Aayog_National_Strategy_for_AI_2018,2,0.0,0.0,0.0,0.85,16,scored,"Governance structures for enabling all the above mandates vary across countries. Many countries have instituted dedicated public offices such as Ministry of Al (UAE), and Office of Al and Al Council (U.K.)",IND_NITI_Aayog_National_Strategy_for_AI_2018,2
IRL,IRL_Data_Protection_Act_2018,IRL_Data_Protection_Act_2018,2,0.6752,5,5,5/5,True,False,5,5,5,0,,,,3.0,3.0,0.0,0.92,124,scored,"A controller or processor that, without reasonable excuse, fails to comply with-- (a) a requirement specified in an enforcement notice, or (b) subsection (7), shall be guilty of an offence",IRL_Data_Protection_Act_2018,2,2.0,1.0,1.0,0.75,7,scored,"Compliance tools, such as standards and certification, will be used to underpin both legal and ethical obligations with respect to AI.",IRL_National_AI_Strategy_2021,2,2.0,2.0,0.0,0.72,77,scored,"A controller or processor shall, where requested to do so, make a data log created and maintained by the controller or processor, as the case may be, available to the Commission for inspection and examination.",IRL_Data_Protection_Act_2018,2,1.0,1.0,0.0,0.45,29,scored,Allowing AI to look after the simpler tasks means that staff are free to allocate their time to activities that will improve overall business productivity.,IRL_National_AI_Strategy_2021,2,2.0,2.0,0.0,0.88,124,scored,"a controller or processor, having complied with an enforcement notice, shall, as soon as may be and in any event not more than 28 days after such compliance, notify the following of the steps taken to comply with the enforcement notice",IRL_Data_Protection_Act_2018,2
ISR,ISR_National_Program_for_AI_2025,ISR_National_Program_for_AI_2025,2,0.1837,5,5,5/5,True,False,5,5,5,0,,,,1.0,1.0,0.0,0.92,41,scored,"The head of the authority may impose a monetary sanction on a database controller or database holder in the amount of 20,000 new shekels or 40,000 new shekels, as applicable.",ISR_Protection_of_Privacy_Law_5741_1981,2,1.0,1.0,0.0,0.88,58,scored,"The minister of justice shall be responsible for the implementation of this law and may establish regulations, with the approval of the Constitution Committee, in all matters related to its implementation",ISR_Protection_of_Privacy_Law_5741_1981,2,0.0,0.0,0.0,0.85,66,scored,"AI adoption in government must therefore be accomplished with the necessary caution, addressing all the relevant legal aspects and providing responses to the possible risks.",ISR_National_Program_for_AI_2025,2,0.0,0.0,0.0,0.95,60,scored,"Data about membership in a workers' organization as stated in Regulation 7 of the Privacy Protection Regulations (Instructions regarding data transferred to Israel from the European Economic Area), 2023.",ISR_Protection_of_Privacy_Law_5741_1981,2,1.0,1.0,0.0,0.41,6,scored,"Formulating and establishing AI regulatory framework in Israel - promoting ""responsible innovation"" in all the aforementioned activities, while protecting Israeli citizens and their rights from the risks AI entails.",ISR_National_Program_for_AI_2025,2
ITA,ITA_Codice_Privacy_Legislative_Decree_196_2003,ITA_Codice_Privacy_Legislative_Decree_196_2003,2,0.4714,5,5,5/5,True,False,5,5,5,0,,,,2.0,1.0,1.0,0.77,3,scored,"Per garantire un'efficace governance, per monitorare lo stato di attuazione della strategia, e per coordinare tutte le iniziative di governo sul tema, nasce anche il gruppo di lavoro permanente sull'IA in seno al Comitato Interministeriale per la Transizione Digitale.",ITA_Programma_Strategico_IA_2022,2,2.0,1.0,1.0,0.64,3,scored,"Le misure a favore delle imprese hanno lo scopo di supportare la Transizione 4.0, favorire la nascita e la crescita di imprese innovative dell'IA e supportarle nella sperimentazione e certificazione dei prodotti di IA.",ITA_Programma_Strategico_IA_2022,2,2.0,1.0,1.0,0.57,3,scored,"Le misure a favore delle imprese hanno lo scopo di supportare la Transizione 4.0, favorire la nascita e la crescita di imprese innovative dell'IA e supportarle nella sperimentazione e certificazione dei prodotti di IA.",ITA_Programma_Strategico_IA_2022,2,1.0,1.0,0.0,0.53,2,scored,"Al contempo, il programma include politiche per promuovere corsi e carriere nelle materie STEM e per rafforzare le competenze digitali e in Intelligenza Artificiale.",ITA_Programma_Strategico_IA_2022,2,2.0,1.0,1.0,0.58,3,scored,"Per garantire un'efficace governance, per monitorare lo stato di attuazione della strategia, e per coordinare tutte le iniziative di governo sul tema, nasce anche il gruppo di lavoro permanente sull'IA in seno al Comitato Interministeriale per la Transizione Digitale.",ITA_Programma_Strategico_IA_2022,2
JPN,JPN_AI_Strategy_2022,JPN_AI_Strategy_2022,2,0.2689,5,5,5/5,True,False,5,5,5,0,,,,1.0,1.0,0.0,0.83,13,scored,"It is extremely important that the social infrastructure formed by AI and digitization is fair, transparent, operated in a responsible manner, and secure.",JPN_AI_Strategy_2022,2,1.0,1.0,0.0,0.69,4,scored,"The principles indicate the shape of the society that Japan should aim for, the multilateral framework, and the direction that national and local governments should aim for, along with the development of AI.",JPN_AI_Strategy_2022,2,1.0,1.0,0.0,0.83,39,scored,"When national administrative bodies use AI, they need to understand that it is particularly important to ensure transparency, fairness and accountability, and to promote the introduction of AI.",JPN_AI_Strategy_2022,2,0.0,0.0,0.0,0.75,9,scored,A personal information handling business operator shall not acquire personal information by deceit or other improper means.,JPN_APPI_Act_on_Protection_of_Personal_Information_2003,2,1.0,1.0,0.0,0.78,13,scored,"It is extremely important that the social infrastructure formed by AI and digitization is fair, transparent, operated in a responsible manner, and secure.",JPN_AI_Strategy_2022,2
KEN,KEN_Data_Protection_Act_24_2019,KEN_Data_Protection_Act_24_2019,2,0.2351,5,5,5/5,True,False,5,5,5,0,,,,1.0,1.0,0.0,0.83,6,scored,"This strategy provides a comprehensive approach to ensure that Kenya can effectively navigate the complexities of AI development and adoption in our context, mitigate potential risks, and capitalise on the opportunities presented by AI technologies.",KEN_National_AI_Strategy_Draft_2025,2,1.0,0.0,1.0,0.78,6,scored,"This strategic plan will guide the development, deployment, and governance of AI in Kenya, the integration of AI into various sectors, building a skilled workforce and ensuring that AI contributes positively to the nation's growth and development",KEN_National_AI_Strategy_Draft_2025,2,1.0,0.0,1.0,0.82,11,scored,Protective measures are required to prevent the exploitative use of AI technologies and ensure that the benefits of AI are equitably distributed across Kenyan society.,KEN_National_AI_Strategy_Draft_2025,2,1.0,1.0,0.0,0.82,12,scored,"However, the potential for AI to disrupt the job market is a major concern, especially given the unemployment challenges currently experienced by younger generations.",KEN_National_AI_Strategy_Draft_2025,2,1.0,0.0,1.0,0.77,37,scored,"Responsible AI, in this framework, involves addressing power dynamics, information asymmetries, and intersecting interests among stakeholders to create an AI ecosystem that is fair, inclusive, and beneficial to everyone.",KEN_National_AI_Strategy_Draft_2025,2
KOR,KOR_National_Strategy_for_AI_2019,KOR_National_Strategy_for_AI_2019,2,0.3753,5,5,5/5,True,False,5,5,5,0,,,,1.0,1.0,0.0,0.73,31,scored,"The Minister of Public Administration and Security may, if any of the following Subparagraphs is applicable, have the personal information processor furnish the relevant materials such as goods, documents, etc.",KOR_PIPA_Personal_Information_Protection_Act_2011,2,1.0,1.0,0.0,0.71,2,scored,"The personal information processor shall make the personal information processing purposes explicit and specified, and shall collect minimum personal information lawfully and fairly to the extent necessary for such purposes.",KOR_PIPA_Personal_Information_Protection_Act_2011,2,2.0,2.0,0.0,0.72,31,scored,"The Minister of Public Administration and Security may have its officials enter the office or business place of the said personal information processor to inspect current business operations and examine ledger and books, or other documents, etc.",KOR_PIPA_Personal_Information_Protection_Act_2011,2,0.0,0.0,0.0,0.32,3,scored,"The state and local governments shall devise policies to prevent harmful consequences of beyond-purpose collection, abuse and misuse of personal information, indiscrete surveillance and pursuit, etc.",KOR_PIPA_Personal_Information_Protection_Act_2011,2,1.0,1.0,0.0,0.7,51,scored,"Establishing AI ethical standards* that are consistent with global norms by identifying and analyzing the AI Code of Ethics and discussion trends in international organizations and major countries, and setting up action plans (2020)",KOR_National_Strategy_for_AI_2019,2
MAR,MAR_AI_in_Morocco_CESE_Opinion_2024,MAR_AI_in_Morocco_CESE_Opinion_2024,2,0.2195,5,5,5/5,True,False,5,5,5,0,,,,1.0,1.0,0.0,0.76,1,scored,"Morocco is well placed to better position itself regarding AI, with its arsenal of laws and regulations governing key aspects of digital technology, such as relates to cybersecurity and consumer cyber protection.",MAR_AI_in_Morocco_CESE_Opinion_2024,2,0.0,0.0,0.0,0.91,2,scored,"a number of obstacles stand in the way of Morocco's embrace of AI, most substantial of which is said to be the lack of a specific regulation of artificial intelligence in Moroccan law",MAR_AI_in_Morocco_CESE_Opinion_2024,2,1.0,0.0,1.0,0.83,2,scored,"Review the Moroccan Personal Data Protection Act (No. 09-08) to align it with the requirements around the data produced and handled by AI systems, while ensuring that it complies with international standards.",MAR_AI_in_Morocco_CESE_Opinion_2024,2,1.0,1.0,0.0,0.69,1,scored,"On a social level, the integration of artificial intelligence (AI) impacts employment patterns, with concerns about job transformations and losses.",MAR_AI_in_Morocco_CESE_Opinion_2024,2,1.0,1.0,0.0,0.69,2,scored,"Morocco is actively committed to ethical and responsible AI development and deployment, being one of the first countries to align itself with UNESCO's ""Recommendation on the Ethics of Artificial Intelligence""",MAR_AI_in_Morocco_CESE_Opinion_2024,2
MEX,MEX_LFPDPPP_Federal_Data_Protection_Law_2010,MEX_LFPDPPP_Federal_Data_Protection_Law_2010,1,0.3297,5,5,5/5,True,False,5,5,5,0,,,,2.0,1.0,1.0,0.75,1,scored,"This Law is of public order and general observance throughout the Republic and is intended to protect personal data held by individuals, in order to regulate their legitimate, controlled and informed treatment",MEX_LFPDPPP_Federal_Data_Protection_Law_2010,1,1.0,1.0,0.0,0.88,11,scored,"The self-regulation schemes may be translated into codes of ethics or good professional practice, seals of trust or other mechanisms and will contain specific rules or standards that allow the harmonization of data processing",MEX_LFPDPPP_Federal_Data_Protection_Law_2010,1,2.0,1.0,1.0,0.69,14,scored,The Institute will verify compliance with this Law and the regulations established by it.,MEX_LFPDPPP_Federal_Data_Protection_Law_2010,1,0.0,0.0,0.0,0.76,2,scored,"Those personal data that affect the most intimate sphere of its owner, or whose improper use may give rise to discrimination or entail a serious risk for it.",MEX_LFPDPPP_Federal_Data_Protection_Law_2010,1,1.0,1.0,0.0,0.62,5,scored,"The person in charge will have the obligation to inform the owners of the data, the information that is collected from them and for what purposes, through the privacy notice.",MEX_LFPDPPP_Federal_Data_Protection_Law_2010,1
MYS,MYS_National_AI_Roadmap_2021,MYS_National_AI_Roadmap_2021,2,0.067,5,5,5/5,True,False,5,5,5,0,,,,1.0,0.0,1.0,0.85,62,scored,There is established an Appeal Tribunal for the purpose of reviewing any of the matters on appeal as set out in section 93.,MYS_Personal_Data_Protection_Act_709_2010,2,0.0,0.0,0.0,0.88,88,scored,"A data user shall not transfer any personal data of a data subject to a place outside Malaysia unless to such place as specified by the Minister, upon the recommendation of the Commissioner, by notification published in the Gazette.",MYS_Personal_Data_Protection_Act_709_2010,2,0.0,0.0,0.0,0.85,33,scored,"Upon the recommendations of the Foresight Committee, the AI-CIU will establish ad hoc committees based on anticipated priorities.",MYS_National_AI_Roadmap_2021,2,0.0,0.0,0.0,0.8,21,scored,"A data user shall, when processing personal data, take practical steps to protect the personal data from any loss, misuse, modification, unauthorized or accidental access or disclosure, alteration or destruction by having regard--",MYS_Personal_Data_Protection_Act_709_2010,2,1.0,0.0,1.0,0.85,77,scored,"Establish the National Directory of AI experts and companies (AI-DI), in Horizon 2, to allow national and international entities to search for our local AI experts and organizations to collaborate with.",MYS_National_AI_Roadmap_2021,2
NGA,NGA_Data_Protection_Act_2023,NGA_Data_Protection_Act_2023,2,0.2784,5,5,5/5,True,False,5,5,5,0,,,,1.0,1.0,0.0,0.73,35,scored,"The House of Representatives Committee on Information and Cybercrime is developing and implementing AI policies, regulations, and frameworks that promote ethical standards, data privacy, and security.",NGA_National_AI_Strategy_2024,2,2.0,1.0,1.0,0.38,22,scored,"A data controller of major importance shall designate a Data Protection Officer with expert knowledge of data protection law and practices, and the ability to carry out the tasks prescribed under this Act and subsidiary legislation made under it.",NGA_Data_Protection_Act_2023,2,1.0,0.0,1.0,0.72,42,scored,"This independent body will oversee the implementation of the National AI Principles, ensure compliance with ethical standards, and mediate potential disputes.",NGA_National_AI_Strategy_2024,2,1.0,1.0,0.0,0.77,11,scored,"To achieve this end, nations must articulate a thoughtful, comprehensive blueprint addressing how they will seek to harness the benefits of AI for the public good while mitigating its impact on jobs, livelihoods, and other potential harms.",NGA_National_AI_Strategy_2024,2,1.0,0.0,1.0,0.77,25,scored,"Commitment to openness and clarity in AI systems design, development, deployment, and decision-making processes.",NGA_National_AI_Strategy_2024,2
NLD,NLD_Strategic_Action_Plan_for_AI_2019,NLD_Strategic_Action_Plan_for_AI_2019,2,0.5441,5,5,5/5,True,False,5,5,5,0,,,,1.0,1.0,0.0,0.64,43,scored,"In order to guarantee the fundamental rights of citizens as described above, these rights have in some cases been translated into laws and regulations such as the Equal Treatment Act and the GDPR.",NLD_Strategic_Action_Plan_for_AI_2019,2,2.0,1.0,1.0,0.72,59,scored,"The NEN Standards Committee on AI shares good practices, develops frameworks for reliable and ethically responsible AI applications and contributes to the development of global AI standards by the International Organization for Standardization.",NLD_Strategic_Action_Plan_for_AI_2019,2,2.0,2.0,0.0,0.78,10,scored,The Dutch Data Protection Authority is competent to perform the tasks and exercise the powers that are conferred on the supervisory authority by or pursuant to the Regulation.,NLD_UAVG_GDPR_Implementation_Act_2018,2,2.0,2.0,0.0,0.82,57,scored,"The Ministry of Social Affairs and Employment, the Ministry of Education, Culture and Science and the Ministry of Economic Affairs and Climate Policy are carrying out a long-term, action-oriented programme to improve the preconditions for Lifelong Development (LLD), including pilots with training and employment help desks (leerwerkloketten) in various regions",NLD_Strategic_Action_Plan_for_AI_2019,2,2.0,1.0,1.0,0.67,41,scored,"If it is not transparent whether, and if so which, algorithms have been used to make or prepare a decision, or what assumptions and data form the basis of this decision, there will be pressure on the contestability and substantiation of decisions",NLD_Strategic_Action_Plan_for_AI_2019,2
PAK,PAK_National_AI_Policy_2023,PAK_National_AI_Policy_2023,2,0.1328,5,5,5/5,True,False,5,5,5,0,,,,1.0,0.0,1.0,0.85,8,scored,"To ensure the ethical and responsible development and use of AI technologies through fairness, transparency, and accountability.",PAK_National_AI_Policy_2023,2,1.0,0.0,1.0,0.83,13,scored,"Align IP laws with international frameworks, such as the WIPO AI and Intellectual Property (IP) policy, to ensure Pakistan remains competitive and compliant with global standards.",PAK_National_AI_Policy_2023,2,1.0,0.0,1.0,0.82,14,scored,Conduct regular audits to ensure compliance with ethical and security standards and best practices. Define a robust legal framework with clear penalties for non-compliance and incentives for adopting advanced security measures.,PAK_National_AI_Policy_2023,2,0.0,0.0,0.0,0.8,6,scored,"Where a person collects, processes, stores, uses, and discloses data, it must respect the rights, freedoms, and dignity of an individual for matters connected therewith and ancillary thereto.",PAK_Personal_Data_Protection_Bill_Draft_2023,2,1.0,0.0,1.0,0.64,14,scored,"Mandate transparency and disclosure of the use of AI systems, including through the publishing of public sector AI systems in a public register.",PAK_National_AI_Policy_2023,2
PHL,PHL_Data_Privacy_Act_RA_10173_IRR_2012,PHL_Data_Privacy_Act_RA_10173_IRR_2012,2,0.2946,5,5,5/5,True,False,5,5,5,0,,,,2.0,1.0,1.0,0.78,12,scored,"The Commission shall perform all acts as may be necessary to effectively implement the Act, these Rules, and its other issuances, and to enforce its Orders, Resolutions or Decisions, including the imposition of administrative sanctions, fines, or penalties.",PHL_Data_Privacy_Act_RA_10173_IRR_2012,2,1.0,1.0,0.0,0.73,3,scored,"Building upon the foundation laid in 2021, the NAISR 2.0 integrates recent technological advancements, including GenAI, recalibrates the strategic actions considering recent developments, and addresses emerging themes such as ethics and governance.",PHL_National_AI_Strategy_Roadmap_v2_2024,2,1.0,1.0,0.0,0.82,32,scored,"Organizations are encouraged to integrate AI considerations into their compliance and complaints processes, while a certification system for AI auditors and products will be established.",PHL_National_AI_Strategy_Roadmap_v2_2024,2,0.0,0.0,0.0,0.85,25,scored,"The said employees, agents, or representatives shall operate and hold personal data under strict confidentiality if the personal data are not intended for public disclosure.",PHL_Data_Privacy_Act_RA_10173_IRR_2012,2,1.0,1.0,0.0,0.78,32,scored,"To foster ethical and responsible AI deployment, the Philippines must develop a robust and adaptive AI governance framework.",PHL_National_AI_Strategy_Roadmap_v2_2024,2
POL,POL_Personal_Data_Protection_Act_2018,POL_Personal_Data_Protection_Act_2018,2,0.547,5,5,5/5,True,False,5,5,5,0,,,,2.0,2.0,0.0,0.72,10,scored,The President of the Office may neither be held criminally liable nor deprived of liberty without the prior consent of the Sejm of the Republic of Poland.,POL_Personal_Data_Protection_Act_2018,2,2.0,1.0,1.0,0.67,41,scored,"Wsparcie merytoryczne dla przedsiębiorców rozwijających AI - m.in. w kwestiach prawnych, technologicznych i biznesowych (programy inkubacyjne i akceleracyjne dedykowane startupom AI, wsparcia polskich firm w procesie certyfikacji i standaryzacji);",POL_Polityka_Rozwoju_AI_do_2030_2020,2,2.0,2.0,0.0,0.72,6,scored,"The President of the Office shall have the right, for the purpose of assessing the entity's fulfilment of the certification criteria, to conduct an inspection at the controller's, processor's, manufacturer's or entity's marketing a service or product.",POL_Personal_Data_Protection_Act_2018,2,1.0,1.0,0.0,0.5,19,scored,The inspected party's employee shall mean a person employed on the basis of an employment relationship or performing work on the basis of a civil law contract.,POL_Personal_Data_Protection_Act_2018,2,2.0,1.0,1.0,0.72,30,scored,"Planowane jest także stworzenie jednolitej, dostępnej publicznie listy systemów AI używanych w administracji publicznej wraz z opisem funkcji oraz podstawowych parametrów technicznych dostępnych dla obywateli w celu zwiększenia transparentności administracji publicznej.",POL_Polityka_Rozwoju_AI_do_2030_2020,2
PRT,PRT_Lei_58_GDPR_Implementation_2019,PRT_Lei_58_GDPR_Implementation_2019,2,0.4447,5,5,5/5,True,False,5,5,3,0,"law_and_institutions,audit_and_enforcement",,,2.0,2.0,0.0,0.0,0,scored,"A presente lei assegura a execução, na ordem jurídica interna, do Regulamento (UE) 2016/679 do Parlamento Europeu e do Conselho, de 27 de abril de 2016.",PRT_Lei_58_GDPR_Implementation_2019,2,2.0,1.0,1.0,0.67,35,scored,We will need best practices to assess AI projects in terms of risks to safety and ethics and mechanisms to detect and prevent misuse of advanced AI techniques.,PRT_National_AI_Strategy_2019,2,3.0,2.0,1.0,0.0,0,scored,"A CNPD fiscaliza o cumprimento das disposições do RGPD e das demais disposições legais e regulamentares relativas à proteção de dados pessoais e dos direitos, liberdades e garantias dos titulares dos dados, e corrigir e sancionar o seu incumprimento.",PRT_Lei_58_GDPR_Implementation_2019,2,1.0,1.0,0.0,0.62,13,scored,"The actions to tackle this challenge must take place at various stages: i) to extend the professional training of unemployed and active workers in ICT and AI, to allow them to be active agents in the application and support of AI in various industrial and service sectors.",PRT_National_AI_Strategy_2019,2,2.0,1.0,1.0,0.58,4,scored,"A CNPD é uma entidade administrativa independente, com personalidade jurídica de direito público e poderes de autoridade, dotada de autonomia administrativa e financeira, que funciona junto da Assembleia da República.",PRT_Lei_58_GDPR_Implementation_2019,2
RWA,RWA_National_AI_Policy_2023,RWA_National_AI_Policy_2023,2,0.3333,5,5,5/5,True,False,5,5,3,0,"worker_protection,transparency",,,1.0,1.0,0.0,0.54,14,scored,Register local and foreign cloud service providers under the supervisory authority (NCSA) as required by law (DPP),RWA_National_AI_Policy_2023,2,1.0,1.0,0.0,0.62,14,scored,"Conduct a compliance audit of registered and authorized local and foreign cloud service providers to ensure compliance with regulation, certification and standards",RWA_National_AI_Policy_2023,2,1.0,1.0,0.0,0.72,14,scored,"Conduct a compliance audit of registered and authorized local and foreign cloud service providers to ensure compliance with regulation, certification and standards",RWA_National_AI_Policy_2023,2,1.0,0.0,1.0,0.0,0,scored,"Globally, emerging technologies starting with AI are transforming and reshaping our societies and labor markets.",RWA_National_AI_Policy_2023,2,1.0,1.0,0.0,0.0,0,scored,"The Government will promote Rwanda's 'Guidelines on the Ethical Development and Implementation of AI' throughout the AI community, led by RURA.",RWA_National_AI_Policy_2023,2
SAU,SAU_National_Strategy_for_Data_and_AI_2020,SAU_National_Strategy_for_Data_and_AI_2020,2,0.1944,5,5,5/5,True,False,5,5,5,0,,,,0.0,0.0,0.0,0.95,3,scored,The provisions and procedures stated in this Law shall not prejudice any provision that grants a right to the Data Subject or confers better protection to Personal Data pursuant to any other law or an international agreement to which the Kingdom is a party.,SAU_PDPL_Personal_Data_Protection_Law_2021,2,1.0,1.0,0.0,0.77,9,scored,"The Controller shall implement all the necessary organizational, administrative and technical measures to protect Personal Data, including during the Transfer of Personal Data, in accordance with the provisions and controls set out in the Regulations.",SAU_PDPL_Personal_Data_Protection_Law_2021,2,2.0,1.0,1.0,0.5,12,scored,The Competent Authority shall be the entity in charge of overseeing the implementation of this Law and the Regulations.,SAU_PDPL_Personal_Data_Protection_Law_2021,2,0.0,0.0,0.0,0.8,9,scored,"The Controller shall implement all the necessary organizational, administrative and technical measures to protect Personal Data, including during the Transfer of Personal Data",SAU_PDPL_Personal_Data_Protection_Law_2021,2,1.0,1.0,0.0,0.58,23,scored,"Therefore, our ambition is to roll-out open data by default - the implication being that all government data should be published as long as it does not compromise security, data protection, and privacy.",SAU_National_Strategy_for_Data_and_AI_2020,2
SGP,SGP_NAIS_National_AI_Strategy_2019,SGP_NAIS_National_AI_Strategy_2019,2,0.4054,5,5,5/5,True,False,5,5,5,0,,,,1.0,1.0,0.0,0.88,65,scored,"A financial penalty imposed on a person under subsection (1)(b)(i) must not exceed the maximum amount to be prescribed, which in no case may be more than the following",SGP_PDPA_Personal_Data_Protection_Act_2012,2,1.0,1.0,0.0,0.77,33,scored,Singapore published Asia's first Model AI Governance Framework that provides detailed and readily implementable guidance to private sector organisations to address key ethical and governance issues when deploying AI solutions.,SGP_NAIS_National_AI_Strategy_2019,2,3.0,3.0,0.0,0.9,77,scored,"The Commission may, upon complaint or of its own motion, conduct an investigation under this section to determine whether or not an organisation or a person is complying with this Act",SGP_PDPA_Personal_Data_Protection_Act_2012,2,0.0,0.0,0.0,0.89,19,scored,An organisation must designate one or more individuals to be responsible for ensuring that the organisation complies with this Act.,SGP_PDPA_Personal_Data_Protection_Act_2012,2,1.0,1.0,0.0,0.77,37,scored,The output of these workshops will be incorporated into the Model AI Governance Framework to provide organisations implementing AI solutions useful examples and practices on responsible use of AI.,SGP_NAIS_National_AI_Strategy_2019,2
SWE,SWE_National_Approach_to_AI_2018,SWE_National_Approach_to_AI_2018,1,0.5,5,5,5/5,True,False,5,5,4,0,audit_and_enforcement,,,2.0,1.0,1.0,0.78,10,scored,"Sweden needs to develop rules, standards, norms and ethical principles to guide ethical and sustainable AI and the use of AI.",SWE_National_Approach_to_AI_2018,1,2.0,1.0,1.0,0.77,10,scored,"Sweden needs to develop rules, standards, norms and ethical principles to guide ethical and sustainable AI and the use of AI.",SWE_National_Approach_to_AI_2018,1,1.0,1.0,0.0,0.0,0,scored,"Appropriate frameworks of principles, norms, standards and rules are therefore important prerequisites if Sweden is to realise the benefits of AI in society.",SWE_National_Approach_to_AI_2018,1,2.0,1.0,1.0,0.4,4,scored,"For these reasons, it is important for Sweden to work actively on the issues that AI is already raising.",SWE_National_Approach_to_AI_2018,1,2.0,1.0,1.0,0.67,8,scored,The use of AI algorithms must be transparent and comprehensible.,SWE_National_Approach_to_AI_2018,1
THA,THA_National_AI_Strategy_2022,THA_National_AI_Strategy_2022,2,0.2317,5,5,5/5,True,False,5,5,5,0,,,,1.0,1.0,0.0,0.89,5,scored,Lack of AI law and regulation,THA_National_AI_Strategy_2022,2,1.0,0.0,1.0,0.77,10,scored,1.1 Policy and standard for AI Ethics,THA_National_AI_Strategy_2022,2,1.0,0.0,1.0,0.82,5,scored,Lack of AI law and regulation,THA_National_AI_Strategy_2022,2,1.0,1.0,0.0,0.62,8,scored,AI Reskill/ Upskill/ New skill for academic sector ▶AI skill is used to enhance all work sectors ▶New professional based on AI and digital skill,THA_National_AI_Strategy_2022,2,1.0,0.0,1.0,0.77,5,scored,AI ethics has not been adopted broadly • Lack of AI law and regulation • Lack of awareness and readiness in the society,THA_National_AI_Strategy_2022,2
TUR,TUR_KVKK_6698_Personal_Data_Protection_Law_2016,TUR_KVKK_6698_Personal_Data_Protection_Law_2016,2,0.3719,5,5,5/5,True,False,5,5,5,0,,,,1.0,1.0,0.0,0.88,7,scored,"The National Artificial Intelligence Strategy is a comprehensive effort to which all the relevant stakeholders have contributed in order to support this transformation that, is currently being experienced on a global scale",TUR_Ulusal_YZ_Stratejisi_2021_2025,2,1.0,0.0,1.0,0.78,14,scored,Research will be carried out to ensure the adaptation of administrative and legal regulations to AI-induced socioeconomic transformation and to evaluate its possible consequences beforehand.,TUR_Ulusal_YZ_Stratejisi_2021_2025,2,2.0,2.0,0.0,0.83,23,scored,"Following the examination made upon complaint or ex officio, in cases where it is understood that an infringement exists, the Board shall decide that the identified infringements shall be remedied by the relevant controller and notify this decision to relevant parties.",TUR_KVKK_6698_Personal_Data_Protection_Law_2016,2,1.0,1.0,0.0,0.64,14,scored,Structural and workforce transformation of public institutions and private sector organizations will be supported in line with the developments in the domain of AI.,TUR_Ulusal_YZ_Stratejisi_2021_2025,2,1.0,1.0,0.0,0.67,27,scored,People have the right to be informed of a decision that was made based on AI algorithms and to request explanatory information from public institutions and private sector organizations in such cases.,TUR_Ulusal_YZ_Stratejisi_2021_2025,2
USA,USA_CCPA_California_Consumer_Privacy_Act_2018,USA_CCPA_California_Consumer_Privacy_Act_2018,2,0.2975,5,5,5/5,True,False,5,5,5,0,,,,1.0,1.0,0.0,0.81,8,scored,"The federal government plays a critical role in ensuring that technologies like AI are developed responsibly, and to serve the American people.",USA_National_AI_RD_Strategic_Plan_2023,2,1.0,1.0,0.0,0.86,30,scored,"Standards, benchmarks, testbeds, and their adoption by the AI community are essential for guiding and promoting R&D on AI systems, and the recognition of this role continues to rise in the United States and globally.",USA_National_AI_RD_Strategic_Plan_2023,2,1.0,0.0,1.0,0.91,34,scored,"AI systems will need to be properly audited and regularly monitored to identify and mitigate risks, both technical (e.g., accuracy, reliability, and robustness) and sociotechnical (e.g., bias and privacy).",USA_National_AI_RD_Strategic_Plan_2023,2,1.0,1.0,0.0,0.82,19,scored,"A research focus that includes end users, including the public where appropriate, provides a lens for studying how best to address existing structural inequalities in human-AI collaboration",USA_National_AI_RD_Strategic_Plan_2023,2,1.0,1.0,0.0,0.83,7,scored,"Efforts to develop metrics and frameworks for verifiable accountability, fairness, privacy, and bias are also essential.",USA_National_AI_RD_Strategic_Plan_2023,2
VNM,VNM_Decree_13_Personal_Data_Protection_2023,VNM_Decree_13_Personal_Data_Protection_2023,2,0.2753,5,5,5/5,True,False,5,5,3,0,"audit_and_enforcement,worker_protection",,,1.0,1.0,0.0,0.89,4,scored,"Formulating and completing policies and laws to create an open legal corridor to meet the requirements of promoting research, development and application of AI in real life.",VNM_National_Strategy_on_AI_Decision_127_2021,2,1.0,1.0,0.0,0.7,8,scored,"Gather, standardize and share open agricultural data sets to the existing applications, serving the needs of AI applications in these fields.",VNM_National_Strategy_on_AI_Decision_127_2021,2,2.0,2.0,0.0,0.0,0,scored,"the Ministry of Public Security shall decide to inspect the cross-border transfer of personal data once a year, unless a violation of the regulations on personal data protection prescribed herein is detected",VNM_Decree_13_Personal_Data_Protection_2023,2,1.0,1.0,0.0,0.0,0,scored,"Agencies, organizations and individuals that commit violation of the regulations on personal data protection, depending on the severity, may be subject to disciplinary, administrative or criminal penalty in accordance with applicable regulations.",VNM_Decree_13_Personal_Data_Protection_2023,2,1.0,0.0,1.0,0.85,4,scored,"Formulating and completing policies and laws to create an open legal corridor to meet the requirements of promoting research, development and application of AI in real life.",VNM_National_Strategy_on_AI_Decision_127_2021,2
ZAF,ZAF_National_AI_Policy_Framework_2024,ZAF_National_AI_Policy_Framework_2024,2,0.2253,5,5,5/5,True,False,5,5,5,0,,,,1.0,0.0,1.0,0.91,8,scored,"The National AI Policy will guide the development of robust regulatory mechanisms that ensure AI applications are safe, ethical, and aligned with public interest.",ZAF_National_AI_Policy_Framework_2024,2,1.0,1.0,0.0,0.82,6,scored,"This includes establishing robust data governance frameworks to protect privacy and enhance data security, alongside setting standards for AI transparency and explainability to foster trust among users and stakeholders.",ZAF_National_AI_Policy_Framework_2024,2,1.0,0.0,1.0,0.76,15,scored,"Ensuring that AI systems are designed and implemented with ethical considerations at the forefront, addressing issues which include bias, fairness, transparency, and accountability.",ZAF_National_AI_Policy_Framework_2024,2,1.0,1.0,0.0,0.53,6,scored,"The framework also addresses the need for capacity building and economic development by promoting AI education and training programmes, supporting AI startups, and facilitating public-private partnerships.",ZAF_National_AI_Policy_Framework_2024,2,1.0,0.0,1.0,0.82,6,scored,"This includes establishing robust data governance frameworks to protect privacy and enhance data security, alongside setting standards for AI transparency and explainability to foster trust among users and stakeholders.",ZAF_National_AI_Policy_Framework_2024,2
