country_iso3,country_name,year_ref,cloud_regions_total,cloud_regions_domestic,colocation_per_million,colocation_datacenters,population,grid_reliability,internet_penetration,bandwidth_per_user,exposure_raw,oadr_raw,balance_raw,is_federal_system,balance_raw_unknown_zero,balance_high_10,balance_high_15,balance_high_20,log_gdp_per_capita,wb_regulatory_quality,cloud_regions_total_winsor,cloud_regions_total_norm,colocation_per_million_winsor,colocation_per_million_norm,grid_reliability_winsor,grid_reliability_norm,internet_penetration_winsor,internet_penetration_norm,bandwidth_per_user_winsor,bandwidth_per_user_norm,exposure_raw_winsor,exposure_raw_norm,oadr_raw_winsor,oadr_raw_norm,oadr_norm,build_supply,build_access,hazard,break_displacement,break_shortage,sovereignty_s,balance_supply,balance_access,risk_supply,risk_access,risk,partial_observation,risk_viz,observed_core_count,observed_core_total,observed_core_pct,clustering_eligible,risk_rank,cluster_label,cluster_k,is_medoid,membership_stability,membership_change_rate,typology_unstable
ARE,United Arab Emirates,2023,4.0,0.0,5.436985292764012,57.0,10483751.0,95.2727132361456,100.0,343.28,0.269,2.06871808394946,0.1644,False,0.1644,,,,11.263890802596816,1.04239141941071,4.0,0.5,5.436985292764012,0.3551616262084575,95.2727132361456,0.9483697857891699,98.396585,1.0,339.59099999999995,1.0,0.269,0.606701194376916,2.06871808394946,0.0,0.0,0.6011771373325424,1.0,1.0,0.606701194376916,0.0,0.5,0.0822,0.1644,0.334753679519655,0.5069595180213511,0.672006633515848,False,0.8759067100722236,7,7,1.0,True,1.0,4,5,False,0.8761904761904762,0.12380952380952381,False
ARG,Argentina,2023,0.0,0.0,0.636825170914543,29.0,45538401.0,76.1490733388067,89.229,105.42,0.2851,18.600375437612,0.266,True,0.266,0.366,0.346,0.326,10.316308794124684,-0.482535392045975,0.0,0.0,0.636825170914543,0.03934266524541898,76.1490733388067,0.01506668997441274,89.229,0.8877875764770913,105.42,0.28989814143754306,0.2851,0.7201493851953638,18.600375437612,0.4575537991850441,0.4575537991850441,0.018136451739943906,0.5888428589573171,0.5962997906033711,0.39064229801845135,0.3295070871769124,1.0,0.266,0.266,0.005200291046224842,0.16883976485461344,0.17316203998341806,False,0.5573793795990271,7,7,1.0,True,18.0,1,5,False,0.9454545454545454,0.054545454545454564,False
AUS,Australia,2023,8.0,0.0,11.777978945324746,314.0,26659922.0,95.381347595765,97.0631,135.31,0.3149,26.9162142219747,0.3308,True,0.3308,0.4307999999999999,0.4108,0.3908,11.188201870964296,1.94220554828644,8.0,1.0,11.777978945324746,0.7723572980172893,95.381347595765,0.9536715371654206,97.0631,0.9836779715070604,135.31,0.3805367967468335,0.3149,0.930134235281683,26.9162142219747,0.6877148500582958,0.6877148500582958,0.9086762783942367,0.6821073841269469,0.9709688632474814,0.2904671091308528,0.6396671261508303,0.5,0.1654,0.3308,0.2202848011583098,0.1325884353814015,0.32366601941582795,False,0.6865924691309011,7,7,1.0,True,8.0,2,5,False,0.8925081433224755,0.10749185667752448,False
AUT,Austria,2023,1.0,0.0,7.4465374203288945,68.0,9131761.0,95.83126284263822,95.3347,108.88,0.31,30.7690996579744,0.6184,True,0.6184,0.7183999999999999,0.6983999999999999,0.6783999999999999,11.20564807516554,1.36136972904205,1.0,0.125,7.4465374203288945,0.48737693753521305,95.83126284263822,0.9756290355817898,95.3347,0.9625221324483556,108.88,0.3003902708242993,0.31,0.8956065250325901,30.7690996579744,0.7943528193406572,0.7943528193406572,0.5293353243723343,0.6314562016363274,0.8265394526885742,0.18417895685306332,0.7114275681795268,0.5,0.3092,0.6184,0.06734776917147307,0.04438044042722028,0.10873928594107274,False,0.47730445974688984,7,7,1.0,True,29.0,0,5,False,0.9907120743034056,0.009287925696594423,False
BEL,Belgium,2023,2.0,0.0,6.876092640832139,81.0,11779946.0,95.63518148896246,94.6263,134.83,0.3179,31.6929144636952,0.5198,True,0.5198,0.6198,0.5998,0.5798000000000001,11.183673128100605,1.16822481155396,2.0,0.25,6.876092640832139,0.449845423382714,95.63518148896246,0.9660595532343104,94.6263,0.9538512250257761,134.83,0.3790812412249714,0.3179,0.9512736497199031,31.6929144636952,0.8199216395174979,0.8199216395174979,0.5553016588723415,0.6664662331253738,0.8516780871607945,0.1713037992117662,0.7799698505081369,0.5,0.2599,0.5198,0.07040222259472427,0.05482356857430711,0.12136609009082588,False,0.49510706127722326,7,7,1.0,True,27.0,0,5,False,0.9967741935483871,0.003225806451612856,False
BGD,Bangladesh,2023,0.0,0.0,0.0408241842934316,7.0,171466990.0,92.20698010708564,44.5027,62.73,0.2001,9.67649438187319,0.0968,False,0.0968,,,,9.121266233318204,-0.914152979850769,0.0,0.0,0.0408241842934316,0.00012972077074547962,92.20698010708564,0.7987508724623362,44.5027,0.3403318923233398,62.73,0.1604446722119289,0.2001,0.121199309445795,9.67649438187319,0.2105637005411157,0.2105637005411157,0.2662935310776939,0.2503882822676344,0.4500050335198017,0.0956791343458606,0.025520175099934393,1.0,0.0968,0.0968,0.02301239303238798,0.021637902877055516,0.04415235598403999,False,0.35344184116175886,7,7,1.0,True,39.0,3,5,False,0.5286624203821656,0.4713375796178344,True
BRA,Brazil,2023,5.0,0.0,0.9330269954689794,197.0,211140729.0,84.8903894312574,84.1506,215.58,0.2692,15.3155231428833,0.3294,True,0.3294,0.4294,0.4094,0.3894,9.960605737455692,-0.29647821187973,5.0,0.625,0.9330269954689794,0.05883079691009678,84.8903894312574,0.44167466912355163,84.1506,0.8256273050840538,215.58,0.6239481337049044,0.2692,0.6081104886727972,15.3155231428833,0.36663752775132463,0.36663752775132463,0.37516848867788277,0.7247877193944792,0.8280386947748458,0.3851543625061529,0.22295612616664426,0.5,0.1647,0.3294,0.1206989957084476,0.18720144494170768,0.2853054142505208,False,0.6583194267144196,7,7,1.0,True,9.0,1,5,False,0.4553846153846154,0.5446153846153846,True
CAN,Canada,2023,7.0,0.0,8.407452805250163,337.0,40083484.0,96.00017061557467,93.9564,245.77,0.2972,29.6279601722539,0.1667,True,0.1667,0.2667,0.2466999999999999,0.2266999999999999,11.07005933838838,1.64471042156219,7.0,0.875,8.407452805250163,0.5505988490414289,96.00017061557467,0.9838723484780288,93.9564,0.9456515625718152,245.77,0.7154965112153587,0.2972,0.8054116900961846,29.6279601722539,0.7627690104144573,0.7627690104144573,0.8031570658398192,0.830574036893587,0.9666496962992192,0.1910686122652823,0.6143430778309024,0.5,0.08335,0.1667,0.140667372865881,0.13224190062307212,0.25430715274551463,False,0.633557726708107,7,7,1.0,True,14.0,2,5,False,0.9470404984423676,0.052959501557632405,False
CHE,Switzerland,2023,4.0,0.0,13.612602434833324,121.0,8888822.0,94.03738646669464,97.3444,266.34,0.331,29.9970867108759,0.2696,True,0.2696,0.3696,0.3496,0.3296,11.463121546115923,1.72938001155853,4.0,0.5,13.612602434833324,0.8930634556259944,94.03738646669464,0.8880813519731858,97.3444,0.9871211198102388,266.34,0.7778731301418257,0.32481499999999996,1.0,29.9970867108759,0.7729854845714845,0.7729854845714845,0.7603816025330601,0.8824971249760323,0.9718441493889988,0.22701451542851547,0.7729854845714845,0.5,0.1348,0.2696,0.14934880033163556,0.14632808561412658,0.2738229619044674,False,0.6493666113256064,7,7,1.0,True,11.0,2,5,True,0.9387096774193548,0.06129032258064515,False
CHL,Chile,2023,2.0,0.0,3.0011951369447885,59.0,19658835.0,94.08905717195871,94.4574,360.89,0.2745,19.8677499182616,0.4449,False,0.4449,,,,10.40865932995286,0.925731718540192,2.0,0.25,3.0011951369447885,0.19490265638091955,94.08905717195871,0.890603070089861,94.4574,0.9517838672283826,339.59099999999995,1.0,0.2745,0.6454567875136529,19.8677499182616,0.49263146842326616,0.49263146842326616,0.4451685754902601,0.9758919336141914,0.9866240871849864,0.32748446247703794,0.3179723250366149,0.5,0.22245,0.4449,0.11335574230219786,0.17740410109453447,0.2706500698297072,False,0.6468487071902603,7,7,1.0,True,12.0,2,5,False,0.653250773993808,0.34674922600619196,True
COL,Colombia,2023,0.0,0.0,0.7836218896709308,41.0,52321152.0,92.21230214296116,77.3369,199.7,0.255,13.3883569844965,0.1387,False,0.1387,,,,9.963941631317754,0.101034268736839,0.0,0.0,0.7836218896709308,0.04900092372296392,92.21230214296116,0.79901060714597,77.3369,0.742226737741832,199.7,0.5757935051899652,0.255,0.5080505936652223,13.3883569844965,0.31329852013903764,0.31329852013903764,0.2826705102896447,0.6590101214658985,0.755397904434737,0.3488790945141486,0.15917149915107368,1.0,0.1387,0.1387,0.08493953842228348,0.19802566414009481,0.2661449940545525,False,0.6432395912664209,7,7,1.0,True,13.0,1,5,False,0.7033639143730887,0.29663608562691135,False
CZE,Czechia,2023,0.0,0.0,3.1295902574750727,34.0,10864042.0,96.08851488234376,85.994,87.22,0.2929,32.213467884019,0.4652,False,0.4652,,,,10.928836790987942,1.30448853969574,0.0,0.0,3.1295902574750727,0.20335021073937184,96.08851488234376,0.9881838696170848,85.994,0.8481907589840864,87.22,0.23470832790027024,0.2929,0.7751118627347358,32.213467884019,0.8343292206844979,0.8343292206844979,0.3971780267854856,0.5414495434421783,0.7235757089593975,0.12841338635595417,0.6466984763787815,1.0,0.4652,0.4652,0.027276391246968398,0.0371843067627652,0.06344644431022506,False,0.39884341799802325,7,7,1.0,True,36.0,0,5,False,0.9233128834355828,0.07668711656441718,False
DEU,Germany,2023,7.0,0.0,6.351510632362762,529.0,83287273.0,94.96484534491417,92.4764,101.08,0.3232,36.0064221663456,0.5657,True,0.5657,0.6657,0.6456999999999999,0.6256999999999999,11.18002328473319,1.45697498321533,7.0,0.875,6.351510632362762,0.4153313778823173,94.96484534491417,0.9333447143315,92.4764,0.9275361715703785,101.08,0.2767374935940395,0.3232,0.9886199485607584,36.0064221663456,0.939308449620018,0.939308449620018,0.7412253640712724,0.602136832582209,0.8970431037020107,0.06000087741473046,0.9286190711460279,0.5,0.28285,0.5657,0.03189465259776911,0.01569071103442169,0.0470849138547359,False,0.3610998101222624,7,7,1.0,True,38.0,0,5,False,0.9906542056074766,0.009345794392523366,False
DNK,Denmark,2023,0.0,0.0,8.407668331609202,50.0,5946952.0,94.34068540258508,98.7756,256.74,0.3121,32.4244515147016,0.5638,False,0.5638,,,,11.263082295783702,1.83951985836029,0.0,0.0,8.407668331609202,0.5506130292581392,94.34068540258508,0.9028834418129583,98.396585,1.0,256.74,0.748762019704583,0.3121,0.9104041151393442,32.4244515147016,0.8401687054814223,0.8401687054814223,0.48449882369036584,0.8743810098522915,0.935243262812028,0.14551106825776164,0.7648930468815826,1.0,0.5638,0.5638,0.030752074440779886,0.055498648479209184,0.08454402435059372,False,0.43889534253557494,7,7,1.0,True,33.0,0,5,False,1.0,0.0,False
EGY,Egypt,2023,0.0,0.0,0.1135016578052139,13.0,114535772.0,80.1296890252406,72.6899,91.25,0.248,7.93940459919248,0.2319,False,0.2319,,,,9.826867775351692,-0.665456295013428,0.0,0.0,0.1135016578052139,0.0049114204614354295,80.1296890252406,0.20933519551736138,72.6899,0.6853468580231322,91.25,0.2469289294692378,0.248,0.4587252933093754,7.93940459919248,0.16248551862700816,0.16248551862700816,0.07141553865959893,0.46613789374618503,0.5042639436342493,0.3841890761186751,0.0745362171907003,1.0,0.2319,0.2319,0.021074413327320123,0.13755525512672373,0.15573077215215825,False,0.5380114011027588,7,7,1.0,True,24.0,1,5,False,0.9131736526946108,0.08682634730538918,False
ESP,Spain,2023,3.0,0.0,2.9781276379179182,144.0,48352528.0,91.44291311039598,95.4456,255.02,0.2963,31.2519979239585,0.5547,False,0.5547,,,,10.927416528759066,0.693764328956604,3.0,0.375,2.9781276379179182,0.19338496668104446,91.44291311039598,0.7614616274625087,95.4456,0.9638795627605579,255.02,0.743546279084577,0.2963,0.7990698657647186,31.2519979239585,0.8077182025865144,0.8077182025865144,0.443282198047851,0.8537129209225675,0.9185593788820116,0.15364659004819275,0.6454232757165258,0.5,0.27735,0.5547,0.049218822989688035,0.058410036258780496,0.10475398601302632,False,0.47140065951526633,7,7,1.0,True,30.0,0,5,True,0.9968454258675079,0.003154574132492094,False
ETH,Ethiopia,2023,0.0,0.0,0.0388525469072238,5.0,128691692.0,76.94082362440881,16.6981,9.82,0.1829,5.51886869123526,0.1944,True,0.1944,0.2944,0.2744,0.2543999999999999,8.026465912667827,-1.0210794210434,0.0,0.0,0.0388525469072238,0.0,76.94082362440881,0.053706980035903025,16.6981,0.0,9.82,0.0,0.1829,0.0,5.51886869123526,0.09549130400857624,0.09549130400857624,0.017902326678634343,0.0,0.01790232667863434,0.0,0.0,1.0,0.1944,0.1944,0.0,0.0,0.0,False,0.0,7,7,1.0,True,45.0,3,5,False,0.9525222551928784,0.047477744807121636,False
EU,European Union,2023,31.0,0.0,5.36664141457947,2057.0,383293729.0,93.71660492338368,90.66070581333904,188.7838662187453,0.3099417625749885,34.22862372801874,0.7322,False,0.7322,,,,11.06477790287201,1.2986375944955009,8.0,1.0,5.36664141457947,0.35053346174010364,93.71660492338368,0.8724260473837069,90.66070581333904,0.9053118404011903,188.7838662187453,0.542691341017692,0.3099417625749885,0.8951961566782126,34.22862372801874,0.8901035567142576,0.8901035567142576,0.7409865030412702,0.7240015907094411,0.9285126868546056,0.09837887366200179,0.7968172830162108,0.5,0.3661,0.7322,0.046209672996320734,0.019074446262091278,0.06440269533405496,False,0.40083719515084115,7,7,1.0,True,35.0,0,5,False,0.9707792207792207,0.02922077922077926,False
FIN,Finland,2023,1.0,0.0,8.59612554712996,48.0,5583911.0,96.43855776306108,93.5139,157.81,0.3018,38.3460525556987,0.6302,False,0.6302,,,,11.05745560596384,1.76514935493469,1.0,0.125,8.59612554712996,0.5630122743834916,96.3306306788478,1.0,93.5139,0.9402353054649668,157.81,0.4487659618341213,0.3018,0.8378254589014554,38.19923952887534,1.0,1.0,0.5626707581278305,0.6945006336495441,0.866396193721527,0.0,0.8378254589014554,0.5,0.3151,0.6302,0.0,0.0,0.0,False,0.0,7,7,1.0,True,45.0,0,5,False,0.9496644295302014,0.05033557046979864,False
FRA,France,2023,4.0,0.0,4.7095105171706555,322.0,68372286.0,93.0415097211125,86.8364,332.74,0.3116,35.3839754108932,0.4802,False,0.4802,,,,11.01598535094978,1.15350544452667,4.0,0.5,4.7095105171706555,0.30729857124307597,93.0415097211125,0.8394789491517926,86.8364,0.8585018437000392,332.74,0.9792249773327554,0.3116,0.9068808793996408,35.3839754108932,0.9220807227409249,0.9220807227409249,0.5489258401316229,0.9188634105163973,0.9634013810640986,0.07066350268289447,0.8362173767167463,0.5,0.2401,0.4802,0.029475778256149106,0.03375066965718944,0.06223162065852672,False,0.39628141378877274,7,7,1.0,True,37.0,0,5,False,0.9873015873015873,0.012698412698412653,False
GBR,United Kingdom,2023,5.0,0.0,7.635928283595164,523.0,68492000.0,90.12754267328351,96.2988,154.1,0.3241,30.3666928153824,0.498,False,0.498,,,,11.000621194650387,1.53656673431396,5.0,0.625,7.635928283595164,0.4998376105407628,90.12754267328351,0.6972667718968012,96.2988,0.974322840870305,154.1,0.43751573061306187,0.3241,0.9949617728922244,30.3666928153824,0.7832152318800002,0.7832152318800002,0.6073681274791879,0.7059192857416834,0.8845345384884993,0.2156925572247048,0.7792692156675196,0.5,0.249,0.498,0.09838459322916765,0.07643529103980211,0.16729982925166564,False,0.5510172131206097,7,7,1.0,True,20.0,0,5,False,0.9756838905775076,0.024316109422492405,False
GHA,Ghana,2023,0.0,0.0,0.1775782902726697,6.0,33787914.0,88.4577200328053,69.9445,51.24,0.2165,6.03399332576016,0.1794,False,0.1794,,,,8.930152289907557,-0.18065220117569,0.0,0.0,0.1775782902726697,0.009127241387026837,88.4577200328053,0.6157733612183899,69.9445,0.6517428077154674,51.24,0.1256023119073539,0.2165,0.2367614417080647,6.03399332576016,0.10974863033335984,0.10974863033335984,0.20830020086847223,0.3886725598114107,0.5160121883991028,0.21077719776485299,0.025984243943211718,1.0,0.1794,0.1794,0.036028387718568054,0.067226270652019,0.10083260422666274,False,0.4654435267593373,7,7,1.0,True,31.0,1,5,False,0.6515151515151515,0.3484848484848485,True
IDN,Indonesia,2023,5.0,0.0,0.3129555781925967,88.0,281190067.0,93.54657869238224,69.2084,32.38,0.2252,10.362938068806,0.1745,False,0.1745,,,,9.64314226375182,0.301378756761551,5.0,0.625,0.3129555781925967,0.01803417643160038,93.54657869238224,0.8641281496709684,69.2084,0.6427328487180637,32.38,0.06841110952752062,0.2252,0.298065743578903,10.362938068806,0.2295626980501653,0.2295626980501653,0.5023874420341895,0.35557197912279215,0.6793245241064478,0.22964096728660127,0.0684247762923017,0.5,0.08725,0.1745,0.10530281573853784,0.06740528885787246,0.1656101378840068,False,0.5491558818755345,7,7,1.0,True,21.0,1,5,False,0.8195718654434251,0.18042813455657492,False
IND,India,2023,7.0,0.0,0.106392625520747,153.0,1438069596.0,85.8385574612123,55.9,60.34,0.2069,10.1760245971185,0.1863,True,0.1863,0.2863,0.2663,0.2463,9.242178116565798,-0.136969581246376,7.0,0.875,0.106392625520747,0.004443692899741512,85.8385574612123,0.48794871331493106,55.9,0.47983631520217285,60.34,0.15319721867599034,0.2069,0.1691153155057605,10.1760245971185,0.22438941340846938,0.22438941340846938,0.45579746873822424,0.3165167669390816,0.628046694493266,0.13116762906103469,0.03794768644472583,0.5,0.09315,0.1863,0.0542168192079215,0.033782182630091986,0.08616743934990889,False,0.44168677492073827,7,7,1.0,True,32.0,1,5,False,0.6279863481228669,0.3720136518771331,True
IRL,Ireland,2023,2.0,0.0,10.354816250961589,55.0,5311538.0,92.18573401984176,96.4974,180.01,0.317,23.7491070753008,0.6752,False,0.6752,,,,11.77284526069942,1.74936389923096,2.0,0.25,10.354816250961589,0.6787225541742118,92.18573401984176,0.7977139862259758,96.4974,0.9767537305006329,180.01,0.5160854047202453,0.317,0.944931825388437,23.7491070753008,0.6000574617888916,0.6000574617888916,0.5754788468000626,0.746419567610439,0.8923497424130448,0.37791843268230735,0.5670133927061297,0.5,0.3376,0.6752,0.14406144387734968,0.09162143961966841,0.22248376661528724,False,0.6059443999638374,7,7,1.0,True,16.0,0,5,False,0.9054878048780488,0.09451219512195119,False
ISR,Israel,2023,3.0,0.0,6.701187937861712,66.0,9849000.0,96.13019466530884,87.0384,270.69,0.3222,20.7033101139389,0.1837,False,0.1837,,,,10.918196934845035,1.12179791927338,3.0,0.375,6.701187937861712,0.4383378444358712,96.13019466530884,0.9902179944323929,87.0384,0.8609743497691542,270.69,0.7910641020587015,0.3222,0.9815734770813517,20.7033101139389,0.5157576277550918,0.5157576277550918,0.6011852796227547,0.8260192259139278,0.9306139062318465,0.47531946907455674,0.5062540080067949,0.5,0.09185,0.1837,0.2595084649367487,0.32049817114990825,0.49683464767650887,False,0.7920220845437002,7,7,1.0,True,4.0,4,5,True,0.6616766467065869,0.3383233532934131,True
ITA,Italy,2023,4.0,0.0,2.8482195982735448,168.0,58984216.0,93.10733011982651,87.0278,103.96,0.3022,38.0578365792292,0.4714,False,0.4714,,,,11.002597579185434,0.644031763076782,4.0,0.5,2.8482195982735448,0.1848378721967414,93.10733011982651,0.8426912237092158,87.0278,0.8608446044011709,103.96,0.28547082672521235,0.3022,0.8406440474932182,38.0578365792292,0.9960863296738831,0.9960863296738831,0.5091763653019857,0.5731577155631916,0.7904957185099221,0.003290003663501007,0.8373540438297172,0.5,0.2357,0.4714,0.0012803493275418717,0.0009967762541248338,0.002275849359860027,False,0.13153697119768473,7,7,1.0,True,44.0,0,5,False,0.8859934853420195,0.1140065146579805,False
JPN,Japan,2023,8.0,0.0,1.7828940948861056,222.0,124516650.0,95.06596532382252,86.9815,219.78,0.3191,50.2846808708749,0.2689,False,0.2689,,,,10.8329267896338,1.46932590007782,8.0,1.0,1.7828940948861056,0.11474646169654017,95.06596532382252,0.9382797366321984,86.9815,0.8602778864259233,219.78,0.6366842445211981,0.3191,0.959729415495191,38.19923952887534,1.0,1.0,0.6843420661095795,0.7484810654735607,0.9206060527930642,0.0,0.959729415495191,0.5,0.13445,0.2689,0.0,0.0,0.0,False,0.0,7,7,1.0,True,45.0,2,5,False,0.7863777089783281,0.21362229102167185,False
KEN,Kenya,2023,0.0,0.0,0.3614087517984377,20.0,55339003.0,75.84035267259699,35.0,14.93,0.2063,4.88485934966732,0.2351,False,0.2351,,,,8.75100587208126,-0.390806585550308,0.0,0.0,0.3614087517984377,0.021222076533912487,75.84035267259699,0.0,35.0,0.22401761795215663,14.93,0.015495601493157374,0.2063,0.16488743261811656,4.88485934966732,0.07794355445466052,0.07794355445466052,0.0070740255113041625,0.119756609722657,0.12598347392163578,0.15203552003495724,0.012851912583159335,1.0,0.2351,0.2351,0.0008226523574093021,0.013926731978314113,0.014737927476830448,False,0.2451764796873533,7,7,1.0,True,42.0,3,5,False,0.9745222929936306,0.02547770700636942,False
KOR,South Korea,2023,6.0,0.0,0.8315185119515993,43.0,51712619.0,96.7556105029598,97.416,234.07,0.3069,25.9356983752934,0.3753,False,0.3753,,,,10.95831866546382,1.122523188591,6.0,0.75,0.8315185119515993,0.052152206409028075,96.3306306788478,1.0,97.416,0.9879975130505786,234.07,0.6800173453699689,0.3069,0.8737624634464295,25.9356983752934,0.6605766907550621,0.6605766907550621,0.6007174021363427,0.8340074292102737,0.9337220551090111,0.2965753468369962,0.5771871166094333,0.5,0.18765,0.3753,0.14472662846452075,0.154517072801393,0.27688096627916126,False,0.6517750035059164,7,7,1.0,True,10.0,2,5,False,0.8150470219435737,0.1849529780564263,False
MAR,Morocco,2023,0.0,0.0,0.3181968421349894,12.0,37712505.0,81.8100706915879,91.0,36.37,0.2104,11.8322534179946,0.2195,False,0.2195,,,,9.199749525489793,-0.0642079934477806,0.0,0.0,0.3181968421349894,0.018379017122410864,81.8100706915879,0.29134392501506173,91.0,0.9094648450335401,36.37,0.08051041480299966,0.2104,0.19377796568368394,11.8322534179946,0.2702295716636085,0.2702295716636085,0.10324098071249087,0.4949876299182699,0.5471256022774471,0.1414134290191366,0.05236453666454734,1.0,0.2195,0.2195,0.01139503548687339,0.05463335944269677,0.06540584585995346,False,0.40290765813794044,7,7,1.0,True,34.0,1,5,False,0.6085526315789473,0.39144736842105265,True
MEX,Mexico,2023,4.0,0.0,1.3334385799190518,173.0,129739759.0,88.91153006008349,81.1832,91.99,0.2509,11.9034209856067,0.3297,True,0.3297,0.4296999999999999,0.4097,0.3897,10.136310684737534,-0.171988308429718,4.0,0.5,1.3334385799190518,0.08517524529276085,88.91153006008349,0.6379209390667604,81.1832,0.7893059461261736,91.99,0.2491729108987752,0.2509,0.4791600605996549,11.9034209856067,0.2721993070774907,0.2721993070774907,0.4076987281198405,0.5192394285124744,0.7152449020381062,0.3487330241252204,0.13042703647443452,0.5,0.16485,0.3297,0.11873996537657212,0.12137520000148334,0.22570307833230485,False,0.6088530614840996,7,7,1.0,True,15.0,1,5,False,0.8422712933753943,0.1577287066246057,False
MYS,Malaysia,2023,3.0,0.0,1.7650593296224957,62.0,35126298.0,93.10296959924824,97.6927,161.18,0.27,10.6050195238823,0.067,False,0.067,,,,10.504160045561695,0.660894274711609,3.0,0.375,1.7650593296224957,0.11357305145779946,93.10296959924824,0.8424784144649028,97.6927,0.991384356760104,161.18,0.45898517456052845,0.27,0.6137476658563227,10.6050195238823,0.23626289072370052,0.23626289072370052,0.44368382197423406,0.7251847656603162,0.8471158391688919,0.468741868146184,0.14500579771013863,0.5,0.0335,0.067,0.20100608192856362,0.31714952286571574,0.45440662181752844,False,0.7688026715740328,7,7,1.0,True,5.0,4,5,False,0.684375,0.31562500000000004,True
NGA,Nigeria,2023,0.0,0.0,0.083376138569738,19.0,227882945.0,85.918501912172,39.2136,26.08,0.2113,5.45815496679884,0.2784,True,0.2784,0.3783999999999999,0.3584,0.3384,9.07170273802694,-0.936865150928497,0.0,0.0,0.083376138569738,0.0029293594589048996,85.918501912172,0.4918502929291907,39.2136,0.2755926257384087,26.08,0.04930694330308002,0.2113,0.20011979001514985,5.45815496679884,0.09381090411374032,0.09381090411374032,0.16492655079603186,0.16244978452074435,0.3005840526782112,0.18134637158277678,0.01877341843237307,1.0,0.2784,0.2784,0.021582212856959725,0.021258104357193053,0.04238152028098041,False,0.3486520130835429,7,7,1.0,True,40.0,3,5,False,0.921311475409836,0.07868852459016396,False
NLD,Netherlands,2023,2.0,0.0,16.6693544602298,298.0,17877117.0,95.85593010797,97.0068,218.31,0.3252,31.1676857399967,0.5441,False,0.5441,,,,11.31116038765976,1.79096639156342,2.0,0.25,15.237940363586002,1.0,95.85593010797,0.9768328877366629,97.0068,0.9829888522412624,218.31,0.6322266057354954,0.32481499999999996,1.0,31.1676857399967,0.8053846579657893,0.8053846579657893,0.7422776292455543,0.807607728988379,0.9504162078000532,0.19461534203421071,0.8053846579657893,0.5,0.27205,0.5441,0.10515864857084069,0.0716551043239441,0.16927859896087616,False,0.553181123435739,7,7,1.0,True,19.0,0,5,False,0.9845679012345679,0.015432098765432056,False
PAK,Pakistan,2023,0.0,0.0,0.0444436372761634,11.0,247504495.0,85.1671595321732,27.3759,15.86,0.2073,7.14068512944463,0.1328,True,0.1328,0.2328,0.2128,0.1928,8.701843640298902,-0.901008188724518,0.0,0.0,0.0444436372761634,0.00036785696854808593,85.1671595321732,0.45518205544751295,27.3759,0.13069765002374278,15.86,0.01831574031676527,0.2073,0.17193390409752324,7.14068512944463,0.14037901593051794,0.14037901593051794,0.15184997080535367,0.07450669517025403,0.21504282648920126,0.14779799183522088,0.02413591226230236,1.0,0.1328,0.1328,0.019462674310296576,0.009549554302476533,0.028826368747575493,False,0.3066172935879145,7,7,1.0,True,41.0,3,5,True,0.9874213836477987,0.012578616352201255,False
PHL,Philippines,2023,1.0,0.0,0.3394515884545691,39.0,114891199.0,90.41115544993949,83.7661,106.71,0.2407,7.95727998278236,0.2946,False,0.2946,,,,9.304361472433763,0.16425496339798,1.0,0.125,0.3394515884545691,0.019777439618283,90.41115544993949,0.7111081056536908,83.7661,0.8209209754623968,106.71,0.2938099469025475,0.2407,0.4072860515097066,7.95727998278236,0.1629802633158477,0.1629802633158477,0.2852951817573246,0.5573654611824722,0.6836469623864884,0.3409064635897827,0.06637958791992389,0.5,0.1473,0.2946,0.08293272499130841,0.13403269304597698,0.20584972156505899,False,0.5904504092659466,7,7,1.0,True,17.0,1,5,True,0.9076433121019108,0.09235668789808915,False
POL,Poland,2023,2.0,0.0,3.92505831641765,144.0,36687353.0,93.8217755523954,86.4147,207.54,0.3008,29.9360538766967,0.547,False,0.547,,,,10.788764160691994,0.780193567276001,2.0,0.25,3.92505831641765,0.25568677649496063,93.8217755523954,0.877558756123902,86.4147,0.8533401812775353,207.54,0.5995675787137136,0.3008,0.8307789874220487,29.9360538766967,0.7712962525388876,0.7712962525388876,0.46108184420628756,0.7264538799956244,0.8525810294827163,0.19000226773537093,0.6407767196866778,0.5,0.2735,0.547,0.06364619200184737,0.06252663172576042,0.12219324171956125,False,0.4962292906113424,7,7,1.0,True,26.0,0,5,False,0.9814241486068112,0.018575851393188847,False
PRT,Portugal,2023,0.0,0.0,1.985219755318829,21.0,10578174.0,90.13518748853048,85.7901,227.53,0.3018,38.2753795786848,0.4447,False,0.4447,,,,10.80675056825886,0.755356550216675,0.0,0.0,1.985219755318829,0.128058159271621,90.13518748853048,0.6976398666515249,85.7901,0.8456949966697668,227.53,0.6601854013845972,0.3018,0.8378254589014554,38.19923952887534,1.0,1.0,0.2752326753077153,0.752940199027182,0.8209391290099224,0.0,0.8378254589014554,1.0,0.4447,0.4447,0.0,0.0,0.0,False,0.0,7,7,1.0,True,45.0,0,5,False,0.8811881188118812,0.1188118811881188,False
RWA,Rwanda,2023,0.0,0.0,0.2149848604078219,3.0,13954471.0,82.3796548592189,34.2005,41.3,0.1945,6.53902554457242,0.3333,False,0.3333,,,,8.13136944643466,0.124717451632023,0.0,0.0,0.2149848604078219,0.011588347644607897,82.3796548592189,0.31914170147554943,34.2005,0.21423163477266435,41.3,0.09546018297545873,0.1945,0.08173906916111759,6.53902554457242,0.12372662452262406,0.12372662452262406,0.11024334970671912,0.15484590887406155,0.24801852689812276,0.07162577004219119,0.010113299118926396,1.0,0.3333,0.3333,0.005264439752010045,0.0073943413392404496,0.012619854026764243,False,0.2328188343300442,7,7,1.0,True,43.0,3,5,False,0.9801324503311258,0.019867549668874163,False
SAU,Saudi Arabia,2023,3.0,0.0,1.5132304856837864,51.0,33702731.0,90.92945021834166,100.0,132.66,0.2969,3.85794559170086,0.1944,False,0.1944,,,,11.178358612351364,0.517070889472961,3.0,0.375,1.5132304856837864,0.09700437003585492,90.92945021834166,0.736402773117161,98.396585,1.0,132.66,0.37250091730321955,0.2969,0.8032977486523625,3.85794559170086,0.04952122018163335,0.04952122018163335,0.4028023810510053,0.6862504586516098,0.8126295209604022,0.7635174639699385,0.039780284682424005,0.5,0.0972,0.1944,0.27765311784189584,0.42210556744539957,0.5825597584276575,False,0.8351801437269876,7,7,1.0,True,3.0,4,5,False,0.860248447204969,0.13975155279503104,False
SGP,Singapore,2023,5.0,0.0,16.7296196056271,99.0,5917648.0,99.77002749295384,94.2852,406.14,0.3399,17.4332629423088,0.4054,False,0.4054,,,,11.876082309976123,2.30859136581421,5.0,0.625,15.237940363586002,1.0,96.3306306788478,1.0,94.2852,0.9496761170051072,339.59099999999995,1.0,0.32481499999999996,1.0,17.4332629423088,0.4252511240885265,0.4252511240885265,0.875,0.9748380585025536,0.9968547573128193,0.5747488759114735,0.4252511240885265,0.5,0.2027,0.4054,0.4009663689186906,0.3331466967691112,0.6005324443670352,False,0.8436820809672071,7,7,1.0,True,2.0,4,5,False,0.652317880794702,0.347682119205298,True
SWE,Sweden,2023,3.0,0.0,9.016163798830592,95.0,10536632.0,94.22853461614878,95.7033,181.27,0.3226,33.0094345926113,0.5,False,0.5,,,,11.14513652121276,1.71801710128784,3.0,0.375,9.016163798830592,0.5906480283686552,94.22853461614878,0.8974100760342173,95.7033,0.9670338440180377,181.27,0.5199062379651335,0.3226,0.9843920656731144,33.0094345926113,0.8563595340251342,0.8563595340251342,0.6210193681342908,0.7434700409915855,0.9027801140425066,0.14139853501524685,0.8429935306578676,0.5,0.25,0.5,0.06585842165271225,0.05256278731196786,0.11495950675464672,False,0.48623732919441975,7,7,1.0,True,28.0,0,5,False,0.9899665551839465,0.010033444816053505,False
THA,Thailand,2023,4.0,0.0,0.5857541658104081,42.0,71702435.0,92.8386399330981,89.5353,272.65,0.2304,20.968546826091,0.2317,False,0.2317,,,,10.065572902216005,0.158257782459259,4.0,0.5,0.5857541658104081,0.035982529050397324,92.8386399330981,0.8295781665488174,89.5353,0.8915367280066455,272.65,0.7970076204396385,0.2304,0.33470739527181764,20.968546826091,0.5230986984494742,0.5230986984494742,0.4551868985330716,0.844272174223142,0.9151574402538085,0.15962239244371615,0.1750850028281015,0.5,0.11585,0.2317,0.06424058993281234,0.10353975306348066,0.1611288881779973,False,0.5441573130523191,7,7,1.0,True,23.0,2,5,False,0.9519230769230769,0.04807692307692313,False
TUR,Turkey,2023,0.0,0.0,0.4101916690892391,35.0,85325965.0,91.06351238721057,85.9607,64.22,0.2609,14.6730315172246,0.3719,False,0.3719,,,,10.663970911237676,-0.229510217905045,0.0,0.0,0.4101916690892391,0.024431671601668415,91.06351238721057,0.7429454939542336,85.9607,0.8477831626865541,64.22,0.16496295914437598,0.2609,0.5496247753937219,14.6730315172246,0.34885501036811845,0.34885501036811845,0.255792388518634,0.5063730609154651,0.6326390747010404,0.35788541867517026,0.19173935671855163,1.0,0.3719,0.3719,0.05749901632160334,0.11382650227795002,0.16478060668724248,False,0.5482374504731327,7,7,1.0,True,22.0,1,5,False,0.9074074074074074,0.09259259259259256,False
USA,United States,2023,26.0,22.0,16.113122325222065,5427.0,336806231.0,94.5174652035614,93.1444,298.38,0.3152,26.8291040414794,0.2975,True,0.2975,0.3974999999999999,0.3775,0.3575,11.3181825263686,1.39373278617859,8.0,1.0,15.237940363586002,1.0,94.5174652035614,0.9115109382735915,93.1444,0.9357125777791351,298.38,0.8750314612261237,0.3152,0.9322481767255048,26.8291040414794,0.6853038640826828,0.6853038640826828,0.9705036460911972,0.9053720195026294,0.9972088195975742,0.29337489893148055,0.6388732777940243,0.9230769230769231,0.2746153846153846,0.2975,0.20653252982062612,0.1865934308636745,0.3545883473601158,False,0.7077960802063743,7,7,1.0,True,7.0,2,5,False,0.8993506493506493,0.10064935064935066,False
VNM,Vietnam,2023,0.0,0.0,0.328841845328102,33.0,100352192.0,93.80064829821718,78.08,271.95,0.2154,12.7206521797624,0.2753,False,0.2753,,,,9.618061390898728,-0.382607728242874,0.0,0.0,0.328841845328102,0.019079388310570673,93.80064829821718,0.876527669372821,78.08,0.7513223776426209,271.95,0.7948849353035895,0.2154,0.2290103230807174,12.7206521797624,0.2948181667416506,0.2948181667416506,0.2985356858944639,0.7731036564731052,0.8408403120148527,0.16149391946514718,0.06751640361557022,1.0,0.2753,0.2753,0.03493901755169735,0.09047991077470088,0.12225764913576498,False,0.49631646191526013,7,7,1.0,True,25.0,2,5,False,0.9233128834355828,0.07668711656441718,False
ZAF,South Africa,2023,4.0,0.0,0.8859023573608614,56.0,63212384.0,89.7509474115713,75.6592,48.49,0.2904,9.6663098397114,0.2253,False,0.2253,,,,9.629033139731224,-0.223697945475578,4.0,0.5,0.8859023573608614,0.05573030570453867,89.7509474115713,0.6788875550995803,75.6592,0.7216914732262171,48.49,0.11726319173001873,0.2904,0.757495684036219,9.6663098397114,0.21028181858219308,0.21028181858219308,0.4115392869347063,0.4194773324781179,0.6583852171195068,0.5982081140289206,0.15928757000729846,0.5,0.11265,0.2253,0.2184532719377376,0.19439914613002157,0.37038528853375363,False,0.7181545386104512,7,7,1.0,True,6.0,1,5,False,0.6012658227848101,0.3987341772151899,True
